0;150;Europe;;
0;142;Asia;;
0;19;Americas;;
0;2;Africa;;
0;9;Oceania;;
1;AD;Andorra;150;
1;AE;United Arab Emirates;142;
1;AF;Afghanistan;142;
1;AG;Antigua and Barbuda;19;
1;AI;Anguilla;19;
1;AL;Albania;150;
1;AM;Armenia;142;
1;AO;Angola;2;
1;AQ;Antarctica;;
1;AR;Argentina;19;
1;AS;American Samoa;9;
1;AT;Austria;150;
1;AU;Australia;9;
1;AW;Aruba;19;
1;AX;Åland Islands;150;
1;AZ;Azerbaijan;142;
1;BA;Bosnia and Herzegovina;150;
1;BB;Barbados;19;
1;BD;Bangladesh;142;
1;BE;Belgium;150;
1;BF;Burkina Faso;2;
1;BG;Bulgaria;150;
1;BH;Bahrain;142;
1;BI;Burundi;2;
1;BJ;Benin;2;
1;BL;Saint Barthélemy;19;
1;BM;Bermuda;19;
1;BN;Brunei Darussalam;142;
1;BO;Bolivia (Plurinational State of);19;
1;BQ;Bonaire, Sint Eustatius and Saba;19;
1;BR;Brazil;19;
1;BS;Bahamas;19;
1;BT;Bhutan;142;
1;BV;Bouvet Island;19;
1;BW;Botswana;2;
1;BY;Belarus;150;
1;BZ;Belize;19;
1;CA;Canada;19;
1;CC;Cocos (Keeling) Islands;9;
1;CD;Congo (Democratic Republic of the);2;
1;CF;Central African Republic;2;
1;CG;Congo;2;
1;CH;Switzerland;150;
1;CI;Côte d'Ivoire;2;
1;CK;Cook Islands;9;
1;CL;Chile;19;
1;CM;Cameroon;2;
1;CN;China;142;
1;CO;Colombia;19;
1;CR;Costa Rica;19;
1;CU;Cuba;19;
1;CV;Cabo Verde;2;
1;CW;Curaçao;19;
1;CX;Christmas Island;9;
1;CY;Cyprus;142;
1;CZ;Czechia;150;
1;DE;Germany;150;
1;DJ;Djibouti;2;
1;DK;Denmark;150;
1;DM;Dominica;19;
1;DO;Dominican Republic;19;
1;DZ;Algeria;2;
1;EC;Ecuador;19;
1;EE;Estonia;150;
1;EG;Egypt;2;
1;EH;Western Sahara;2;
1;ER;Eritrea;2;
1;ES;Spain;150;
1;ET;Ethiopia;2;
1;FI;Finland;150;
1;FJ;Fiji;9;
1;FK;Falkland Islands (Malvinas);19;
1;FM;Micronesia (Federated States of);9;
1;FO;Faroe Islands;150;
1;FR;France;150;
1;GA;Gabon;2;
1;GB;United Kingdom of Great Britain and Northern Ireland;150;
1;GD;Grenada;19;
1;GE;Georgia;142;
1;GF;French Guiana;19;
1;GG;Guernsey;150;
1;GH;Ghana;2;
1;GI;Gibraltar;150;
1;GL;Greenland;19;
1;GM;Gambia;2;
1;GN;Guinea;2;
1;GP;Guadeloupe;19;
1;GQ;Equatorial Guinea;2;
1;GR;Greece;150;
1;GS;South Georgia and the South Sandwich Islands;19;
1;GT;Guatemala;19;
1;GU;Guam;9;
1;GW;Guinea-Bissau;2;
1;GY;Guyana;19;
1;HK;Hong Kong;142;
1;HM;Heard Island and McDonald Islands;9;
1;HN;Honduras;19;
1;HR;Croatia;150;
1;HT;Haiti;19;
1;HU;Hungary;150;
1;ID;Indonesia;142;
1;IE;Ireland;150;
1;IL;Israel;142;
1;IM;Isle of Man;150;
1;IN;India;142;
1;IO;British Indian Ocean Territory;2;
1;IQ;Iraq;142;
1;IR;Iran (Islamic Republic of);142;
1;IS;Iceland;150;
1;IT;Italy;150;
1;JE;Jersey;150;
1;JM;Jamaica;19;
1;JO;Jordan;142;
1;JP;Japan;142;
1;KE;Kenya;2;
1;KG;Kyrgyzstan;142;
1;KH;Cambodia;142;
1;KI;Kiribati;9;
1;KM;Comoros;2;
1;KN;Saint Kitts and Nevis;19;
1;KP;Korea (Democratic People's Republic of);142;
1;KR;Korea (Republic of);142;
1;KW;Kuwait;142;
1;KY;Cayman Islands;19;
1;KZ;Kazakhstan;142;
1;LA;Lao People's Democratic Republic;142;
1;LB;Lebanon;142;
1;LC;Saint Lucia;19;
1;LI;Liechtenstein;150;
1;LK;Sri Lanka;142;
1;LR;Liberia;2;
1;LS;Lesotho;2;
1;LT;Lithuania;150;
1;LU;Luxembourg;150;
1;LV;Latvia;150;
1;LY;Libya;2;
1;MA;Morocco;2;
1;MC;Monaco;150;
1;MD;Moldova (Republic of);150;
1;ME;Montenegro;150;
1;MF;Saint Martin (French part);19;
1;MG;Madagascar;2;
1;MH;Marshall Islands;9;
1;MK;Macedonia (the former Yugoslav Republic of);150;
1;ML;Mali;2;
1;MM;Myanmar;142;
1;MN;Mongolia;142;
1;MO;Macao;142;
1;MP;Northern Mariana Islands;9;
1;MQ;Martinique;19;
1;MR;Mauritania;2;
1;MS;Montserrat;19;
1;MT;Malta;150;
1;MU;Mauritius;2;
1;MV;Maldives;142;
1;MW;Malawi;2;
1;MX;Mexico;19;
1;MY;Malaysia;142;
1;MZ;Mozambique;2;
1;NA;Namibia;2;
1;NC;New Caledonia;9;
1;NE;Niger;2;
1;NF;Norfolk Island;9;
1;NG;Nigeria;2;
1;NI;Nicaragua;19;
1;NL;Netherlands;150;
1;NO;Norway;150;
1;NP;Nepal;142;
1;NR;Nauru;9;
1;NU;Niue;9;
1;NZ;New Zealand;9;
1;OM;Oman;142;
1;PA;Panama;19;
1;PE;Peru;19;
1;PF;French Polynesia;9;
1;PG;Papua New Guinea;9;
1;PH;Philippines;142;
1;PK;Pakistan;142;
1;PL;Poland;150;
1;PM;Saint Pierre and Miquelon;19;
1;PN;Pitcairn;9;
1;PR;Puerto Rico;19;
1;PS;Palestine, State of;142;
1;PT;Portugal;150;
1;PW;Palau;9;
1;PY;Paraguay;19;
1;QA;Qatar;142;
1;RE;Réunion;2;
1;RO;Romania;150;
1;RS;Serbia;150;
1;RU;Russian Federation;150;
1;RW;Rwanda;2;
1;SA;Saudi Arabia;142;
1;SB;Solomon Islands;9;
1;SC;Seychelles;2;
1;SD;Sudan;2;
1;SE;Sweden;150;
1;SG;Singapore;142;
1;SH;Saint Helena, Ascension and Tristan da Cunha;2;
1;SI;Slovenia;150;
1;SJ;Svalbard and Jan Mayen;150;
1;SK;Slovakia;150;
1;SL;Sierra Leone;2;
1;SM;San Marino;150;
1;SN;Senegal;2;
1;SO;Somalia;2;
1;SR;Suriname;19;
1;SS;South Sudan;2;
1;ST;Sao Tome and Principe;2;
1;SV;El Salvador;19;
1;SX;Sint Maarten (Dutch part);19;
1;SY;Syrian Arab Republic;142;
1;SZ;Eswatini;2;
1;TC;Turks and Caicos Islands;19;
1;TD;Chad;2;
1;TF;French Southern Territories;2;
1;TG;Togo;2;
1;TH;Thailand;142;
1;TJ;Tajikistan;142;
1;TK;Tokelau;9;
1;TL;Timor-Leste;142;
1;TM;Turkmenistan;142;
1;TN;Tunisia;2;
1;TO;Tonga;9;
1;TR;Turkey;142;
1;TT;Trinidad and Tobago;19;
1;TV;Tuvalu;9;
1;TW;Taiwan, Province of China;142;
1;TZ;Tanzania, United Republic of;2;
1;UA;Ukraine;150;
1;UG;Uganda;2;
1;UM;United States Minor Outlying Islands;9;
1;US;United States of America;19;
1;UY;Uruguay;19;
1;UZ;Uzbekistan;142;
1;VA;Holy See;150;
1;VC;Saint Vincent and the Grenadines;19;
1;VE;Venezuela (Bolivarian Republic of);19;
1;VG;Virgin Islands (British);19;
1;VI;Virgin Islands (U.S.);19;
1;VN;Viet Nam;142;
1;VU;Vanuatu;9;
1;WF;Wallis and Futuna;9;
1;WS;Samoa;9;
1;XK;Kosovo;150;
1;YE;Yemen;142;
1;YT;Mayotte;2;
1;ZA;South Africa;2;
1;ZM;Zambia;2;
1;ZW;Zimbabwe;2;
2;AD-07;Andorra la Vella;AD;
2;AD-02;Canillo;AD;
2;AD-03;Encamp;AD;
2;AD-08;Escaldes-Engordany;AD;
2;AD-04;La Massana;AD;
2;AD-05;Ordino;AD;
2;AD-06;Sant Julia de Loria;AD;
2;AE-AJ;'Ajman;AE;
2;AE-AZ;Abu Zaby;AE;
2;AE-FU;Al Fujayrah;AE;
2;AE-SH;Ash Shariqah;AE;
2;AE-DU;Dubayy;AE;ae/du/dubai-ar,ae/du/dubai-en
2;AE-RK;Ra's al Khaymah;AE;
2;AE-UQ;Umm al Qaywayn;AE;
2;AF-BDS;Badakhshan;AF;
2;AF-BGL;Baghlan;AF;
2;AF-BAL;Balkh;AF;
2;AF-BAM;Bamyan;AF;
2;AF-FYB;Faryab;AF;
2;AF-HEL;Helmand;AF;
2;AF-HER;Herat;AF;
2;AF-KAB;Kabul;AF;
2;AF-KAN;Kandahar;AF;
2;AF-KHO;Khost;AF;
2;AF-KDZ;Kunduz;AF;
2;AF-LOG;Logar;AF;
2;AF-NAN;Nangarhar;AF;
2;AF-NIM;Nimroz;AF;
2;AF-PKA;Paktika;AF;
2;AF-PIA;Paktiya;AF;
2;AF-PAR;Parwan;AF;
2;AF-TAK;Takhar;AF;
2;AF-URU;Uruzgan;AF;
2;AG-11;Redonda;AG;
2;AG-03;Saint George;AG;
2;AG-04;Saint John;AG;
2;AG-05;Saint Mary;AG;
2;AG-06;Saint Paul;AG;
2;AG-07;Saint Peter;AG;
2;AG-08;Saint Philip;AG;
2;-;Anguilla;AI;
2;AL-01;Berat;AL;
2;AL-09;Diber;AL;
2;AL-02;Durres;AL;
2;AL-03;Elbasan;AL;
2;AL-04;Fier;AL;
2;AL-05;Gjirokaster;AL;
2;AL-06;Korce;AL;
2;AL-07;Kukes;AL;
2;AL-08;Lezhe;AL;
2;AL-10;Shkoder;AL;
2;AL-11;Tirane;AL;
2;AL-12;Vlore;AL;
2;AM-AG;Aragacotn;AM;
2;AM-AR;Ararat;AM;
2;AM-AV;Armavir;AM;
2;AM-ER;Erevan;AM;
2;AM-GR;Gegark'unik';AM;
2;AM-KT;Kotayk';AM;
2;AM-LO;Lori;AM;
2;AM-SH;Sirak;AM;
2;AM-SU;Syunik';AM;
2;AM-TV;Tavus;AM;
2;AM-VD;Vayoc Jor;AM;
2;AO-BGO;Bengo;AO;
2;AO-BGU;Benguela;AO;
2;AO-BIE;Bie;AO;
2;AO-CAB;Cabinda;AO;
2;AO-CNN;Cunene;AO;
2;AO-HUA;Huambo;AO;
2;AO-HUI;Huila;AO;
2;AO-CCU;Kuando Kubango;AO;
2;AO-CNO;Kwanza Norte;AO;
2;AO-CUS;Kwanza Sul;AO;
2;AO-LUA;Luanda;AO;
2;AO-LNO;Lunda Norte;AO;
2;AO-LSU;Lunda Sul;AO;
2;AO-MAL;Malange;AO;
2;AO-MOX;Moxico;AO;
2;AO-NAM;Namibe;AO;
2;AO-UIG;Uige;AO;
2;AO-ZAI;Zaire;AO;
2;AR-B;Buenos Aires;AR;
2;AR-K;Catamarca;AR;
2;AR-H;Chaco;AR;
2;AR-U;Chubut;AR;
2;AR-C;Ciudad Autonoma de Buenos Aires;AR;
2;AR-X;Cordoba;AR;
2;AR-W;Corrientes;AR;
2;AR-E;Entre Rios;AR;
2;AR-P;Formosa;AR;
2;AR-Y;Jujuy;AR;
2;AR-L;La Pampa;AR;
2;AR-F;La Rioja;AR;
2;AR-M;Mendoza;AR;
2;AR-N;Misiones;AR;
2;AR-Q;Neuquen;AR;
2;AR-R;Rio Negro;AR;
2;AR-A;Salta;AR;
2;AR-J;San Juan;AR;
2;AR-D;San Luis;AR;
2;AR-Z;Santa Cruz;AR;
2;AR-S;Santa Fe;AR;
2;AR-G;Santiago del Estero;AR;
2;AR-V;Tierra del Fuego;AR;
2;AR-T;Tucuman;AR;
2;AT-1;Burgenland;AT;
2;AT-2;Karnten;AT;
2;AT-3;Niederosterreich;AT;
2;AT-4;Oberosterreich;AT;
2;AT-5;Salzburg;AT;
2;AT-6;Steiermark;AT;
2;AT-7;Tirol;AT;
2;AT-8;Vorarlberg;AT;
2;AT-9;Wien;AT;
2;AU-ACT;Australian Capital Territory;AU;
2;AU-NSW;New South Wales;AU;
2;AU-NT;Northern Territory;AU;
2;AU-QLD;Queensland;AU;
2;AU-SA;South Australia;AU;
2;AU-TAS;Tasmania;AU;
2;AU-VIC;Victoria;AU;
2;AU-WA;Western Australia;AU;
2;AZ-ABS;Abseron;AZ;
2;AZ-AGC;Agcabadi;AZ;
2;AZ-AGS;Agdas;AZ;
2;AZ-AGA;Agstafa;AZ;
2;AZ-AGU;Agsu;AZ;
2;AZ-BA;Baki;AZ;
2;AZ-BAL;Balakan;AZ;
2;AZ-BAR;Barda;AZ;
2;AZ-BEY;Beylaqan;AZ;
2;AZ-BIL;Bilasuvar;AZ;
2;AZ-CAL;Calilabad;AZ;
2;AZ-GA;Ganca;AZ;
2;AZ-GOY;Goycay;AZ;
2;AZ-GYG;Goygol;AZ;
2;AZ-HAC;Haciqabul;AZ;
2;AZ-IMI;Imisli;AZ;
2;AZ-KUR;Kurdamir;AZ;
2;AZ-LA;Lankaran;AZ;
2;AZ-MAS;Masalli;AZ;
2;AZ-MI;Mingacevir;AZ;
2;AZ-NA;Naftalan;AZ;
2;AZ-NX;Naxcivan;AZ;
2;AZ-NEF;Neftcala;AZ;
2;AZ-OGU;Oguz;AZ;
2;AZ-QAB;Qabala;AZ;
2;AZ-QAX;Qax;AZ;
2;AZ-QAZ;Qazax;AZ;
2;AZ-QBA;Quba;AZ;
2;AZ-QUS;Qusar;AZ;
2;AZ-SAK;Saki;AZ;
2;AZ-SAL;Salyan;AZ;
2;AZ-SMI;Samaxi;AZ;
2;AZ-SKR;Samkir;AZ;
2;AZ-SMX;Samux;AZ;
2;AZ-SR;Sirvan;AZ;
2;AZ-SIY;Siyazan;AZ;
2;AZ-SM;Sumqayit;AZ;
2;AZ-TAR;Tartar;AZ;
2;AZ-TOV;Tovuz;AZ;
2;AZ-XAC;Xacmaz;AZ;
2;AZ-XIZ;Xizi;AZ;
2;AZ-YAR;Yardimli;AZ;
2;AZ-YEV;Yevlax;AZ;
2;AZ-ZAQ;Zaqatala;AZ;
2;AZ-ZAR;Zardab;AZ;
2;BA-BRC;Brcko distrikt;BA;
2;BA-BIH;Federacija Bosne i Hercegovine;BA;
2;BA-SRP;Republika Srpska;BA;
2;BB-01;Christ Church;BB;
2;BB-02;Saint Andrew;BB;
2;BB-03;Saint George;BB;
2;BB-04;Saint James;BB;
2;BB-05;Saint John;BB;
2;BB-06;Saint Joseph;BB;
2;BB-07;Saint Lucy;BB;
2;BB-08;Saint Michael;BB;
2;BB-09;Saint Peter;BB;
2;BB-10;Saint Philip;BB;
2;BB-11;Saint Thomas;BB;
2;BD-06;Barisal;BD;
2;BD-10;Chittagong;BD;
2;BD-13;Dhaka;BD;
2;BD-27;Khulna;BD;
2;BD-54;Rajshahi;BD;
2;BD-55;Rangpur;BD;
2;BD-60;Sylhet;BD;
2;BE-VAN;Antwerpen;BE;
2;BE-WBR;Brabant wallon;BE;
2;BE-BRU;Brussels Hoofdstedelijk Gewest;BE;
2;BE-WHT;Hainaut;BE;
2;BE-WLG;Liege;BE;
2;BE-VLI;Limburg;BE;
2;BE-WLX;Luxembourg;BE;
2;BE-WNA;Namur;BE;
2;BE-VOV;Oost-Vlaanderen;BE;
2;BE-VBR;Vlaams-Brabant;BE;
2;BE-VWV;West-Vlaanderen;BE;
2;BE-WAL;Waals Gewest, Wallonië;BE;
2;BF-BLG;Boulgou;BF;
2;BF-BLK;Boulkiemde;BF;
2;BF-COM;Comoe;BF;
2;BF-HOU;Houet;BF;
2;BF-KAD;Kadiogo;BF;
2;BF-KOW;Kourweogo;BF;
2;BF-LER;Leraba;BF;
2;BF-MOU;Mouhoun;BF;
2;BF-PON;Poni;BF;
2;BF-SMT;Sanmatenga;BF;
2;BF-TUI;Tuy;BF;
2;BF-YAT;Yatenga;BF;
2;BF-ZOU;Zoundweogo;BF;
2;BG-01;Blagoevgrad;BG;
2;BG-02;Burgas;BG;
2;BG-08;Dobrich;BG;
2;BG-07;Gabrovo;BG;
2;BG-26;Haskovo;BG;
2;BG-09;Kardzhali;BG;
2;BG-10;Kyustendil;BG;
2;BG-11;Lovech;BG;
2;BG-12;Montana;BG;
2;BG-13;Pazardzhik;BG;
2;BG-14;Pernik;BG;
2;BG-15;Pleven;BG;
2;BG-16;Plovdiv;BG;
2;BG-17;Razgrad;BG;
2;BG-18;Ruse;BG;
2;BG-27;Shumen;BG;
2;BG-19;Silistra;BG;
2;BG-20;Sliven;BG;
2;BG-21;Smolyan;BG;
2;BG-23;Sofia;BG;
2;BG-22;Sofia (stolitsa);BG;
2;BG-24;Stara Zagora;BG;
2;BG-25;Targovishte;BG;
2;BG-03;Varna;BG;
2;BG-04;Veliko Tarnovo;BG;
2;BG-05;Vidin;BG;
2;BG-06;Vratsa;BG;
2;BG-28;Yambol;BG;
2;BH-13;Al 'Asimah;BH;
2;BH-14;Al Janubiyah;BH;
2;BH-15;Al Muharraq;BH;
2;BH-17;Ash Shamaliyah;BH;
2;BI-BB;Bubanza;BI;
2;BI-BM;Bujumbura Mairie;BI;
2;BI-CI;Cibitoke;BI;
2;BI-GI;Gitega;BI;
2;BI-KI;Kirundo;BI;
2;BI-MY;Muyinga;BI;
2;BI-MW;Mwaro;BI;
2;BI-NG;Ngozi;BI;
2;BI-RT;Rutana;BI;
2;BI-RY;Ruyigi;BI;
2;BJ-AL;Alibori;BJ;
2;BJ-AK;Atacora;BJ;
2;BJ-AQ;Atlantique;BJ;
2;BJ-BO;Borgou;BJ;
2;BJ-DO;Donga;BJ;
2;BJ-LI;Littoral;BJ;
2;BJ-MO;Mono;BJ;
2;BJ-OU;Oueme;BJ;
2;BJ-PL;Plateau;BJ;
2;BJ-ZO;Zou;BJ;
2;BN-BE;Belait;BN;
2;BN-BM;Brunei-Muara;BN;
2;BN-TE;Temburong;BN;
2;BN-TU;Tutong;BN;
2;BO-H;Chuquisaca;BO;
2;BO-C;Cochabamba;BO;
2;BO-B;El Beni;BO;
2;BO-L;La Paz;BO;
2;BO-O;Oruro;BO;
2;BO-N;Pando;BO;
2;BO-P;Potosi;BO;
2;BO-S;Santa Cruz;BO;
2;BO-T;Tarija;BO;
2;BQ-BO;Bonaire;BQ;
2;BQ-SA;Saba;BQ;
2;BQ-SE;Sint Eustatius;BQ;
2;BR-AC;Acre;BR;
2;BR-AL;Alagoas;BR;
2;BR-AP;Amapa;BR;
2;BR-AM;Amazonas;BR;
2;BR-BA;Bahia;BR;
2;BR-CE;Ceara;BR;
2;BR-DF;Distrito Federal;BR;
2;BR-ES;Espirito Santo;BR;
2;BR-GO;Goias;BR;
2;BR-MA;Maranhao;BR;
2;BR-MT;Mato Grosso;BR;
2;BR-MS;Mato Grosso do Sul;BR;
2;BR-MG;Minas Gerais;BR;
2;BR-PA;Para;BR;
2;BR-PB;Paraiba;BR;
2;BR-PR;Parana;BR;
2;BR-PE;Pernambuco;BR;
2;BR-PI;Piaui;BR;
2;BR-RN;Rio Grande do Norte;BR;
2;BR-RS;Rio Grande do Sul;BR;
2;BR-RJ;Rio de Janeiro;BR;
2;BR-RO;Rondonia;BR;
2;BR-RR;Roraima;BR;
2;BR-SC;Santa Catarina;BR;
2;BR-SP;Sao Paulo;BR;
2;BR-SE;Sergipe;BR;
2;BR-TO;Tocantins;BR;
2;BS-CS;Central Andros;BS;
2;BS-FP;City of Freeport;BS;
2;BS-EG;East Grand Bahama;BS;
2;BS-HI;Harbour Island;BS;
2;BS-HT;Hope Town;BS;
2;BS-LI;Long Island;BS;
2;BS-SE;South Eleuthera;BS;
2;BT-33;Bumthang;BT;
2;BT-12;Chhukha;BT;
2;BT-GA;Gasa;BT;
2;BT-44;Lhuentse;BT;
2;BT-42;Monggar;BT;
2;BT-11;Paro;BT;
2;BT-43;Pemagatshel;BT;
2;BT-23;Punakha;BT;
2;BT-45;Samdrup Jongkhar;BT;
2;BT-14;Samtse;BT;
2;BT-15;Thimphu;BT;
2;BT-TY;Trashi Yangtse;BT;
2;BT-41;Trashigang;BT;
2;BT-21;Tsirang;BT;
2;BT-24;Wangdue Phodrang;BT;
2;BW-CE;Central;BW;
2;BW-KL;Kgatleng;BW;
2;BW-KW;Kweneng;BW;
2;BW-NE;North East;BW;
2;BW-NW;North West;BW;
2;BW-SE;South East;BW;
2;BY-BR;Brestskaya voblasts';BY;
2;BY-GR;Grodno voblasts';BY;
2;BY-HO;Homyel'skaya voblasts';BY;
2;BY-HM;Horad Minsk;BY;
2;BY-HR;Hrodzenskaya voblasts';BY;
2;BY-MA;Mahilyowskaya voblasts';BY;
2;BY-MI;Minskaya voblasts';BY;
2;BY-VI;Vitsyebskaya voblasts';BY;
2;BZ-BZ;Belize;BZ;
2;BZ-CY;Cayo;BZ;
2;BZ-CZL;Corozal;BZ;
2;BZ-OW;Orange Walk;BZ;
2;BZ-SC;Stann Creek;BZ;
2;BZ-TOL;Toledo;BZ;
2;CA-AB;Alberta;CA;
2;CA-BC;British Columbia;CA;
2;CA-MB;Manitoba;CA;
2;CA-NB;New Brunswick;CA;
2;CA-NL;Newfoundland and Labrador;CA;
2;CA-NT;Northwest Territories;CA;
2;CA-NS;Nova Scotia;CA;
2;CA-NU;Nunavut;CA;
2;CA-ON;Ontario;CA;
2;CA-PE;Prince Edward Island;CA;
2;CA-QC;Quebec;CA;
2;CA-SK;Saskatchewan;CA;
2;CA-YT;Yukon;CA;
2;CD-EQ;Equateur;CD;
2;CD-HK;Haut-Katanga;CD;
2;CD-HU;Haut-Uele;CD;
2;CD-IT;Ituri;CD;
2;CD-KC;Kasai Central;CD;
2;CD-KE;Kasai Oriental;CD;
2;CD-KN;Kinshasa;CD;
2;CD-BC;Kongo Central;CD;
2;CD-KL;Kwilu;CD;
2;CD-LU;Lualaba;CD;
2;CD-MA;Maniema;CD;
2;CD-NK;Nord-Kivu;CD;
2;CD-NU;Nord-Ubangi;CD;
2;CD-SA;Sankuru;CD;
2;CD-SK;Sud-Kivu;CD;
2;CD-SU;Sud-Ubangi;CD;
2;CD-TA;Tanganyika;CD;
2;CD-TO;Tshopo;CD;
2;CD-TU;Tshuapa;CD;
2;CF-BGF;Bangui;CF;
2;CF-HK;Haute-Kotto;CF;
2;CF-AC;Ouham;CF;
2;CG-BZV;Brazzaville;CG;
2;CG-15;Cuvette-Ouest;CG;
2;CG-16;Pointe-Noire;CG;
2;CG-13;Sangha;CG;
2;CH-AG;Aargau;CH;
2;CH-AR;Appenzell Ausserrhoden;CH;
2;CH-AI;Appenzell Innerrhoden;CH;
2;CH-BL;Basel-Landschaft;CH;
2;CH-BS;Basel-Stadt;CH;
2;CH-BE;Bern;CH;
2;CH-FR;Fribourg;CH;
2;CH-GE;Geneve;CH;
2;CH-GL;Glarus;CH;
2;CH-GR;Graubunden;CH;
2;CH-JU;Jura;CH;
2;CH-LU;Luzern;CH;
2;CH-NE;Neuchatel;CH;
2;CH-NW;Nidwalden;CH;
2;CH-OW;Obwalden;CH;
2;CH-SG;Sankt Gallen;CH;
2;CH-SH;Schaffhausen;CH;
2;CH-SZ;Schwyz;CH;
2;CH-SO;Solothurn;CH;
2;CH-TG;Thurgau;CH;
2;CH-TI;Ticino;CH;
2;CH-UR;Uri;CH;
2;CH-VS;Valais;CH;
2;CH-VD;Vaud;CH;
2;CH-ZG;Zug;CH;
2;CH-ZH;Zurich;CH;
2;CI-AB;Abidjan;CI;
2;CI-BS;Bas-Sassandra;CI;
2;CI-CM;Comoe;CI;
2;CI-DN;Denguele;CI;
2;CI-GD;Goh-Djiboua;CI;
2;CI-LC;Lacs;CI;
2;CI-LG;Lagunes;CI;
2;CI-MG;Montagnes;CI;
2;CI-SM;Sassandra-Marahoue;CI;
2;CI-SV;Savanes;CI;
2;CI-VB;Vallee du Bandama;CI;
2;CI-WR;Woroba;CI;
2;CI-YM;Yamoussoukro;CI;
2;CI-ZZ;Zanzan;CI;
2;CL-AI;Aisen del General Carlos Ibanez del Campo;CL;
2;CL-AN;Antofagasta;CL;
2;CL-AP;Arica y Parinacota;CL;
2;CL-AT;Atacama;CL;
2;CL-BI;Biobio;CL;
2;CL-CO;Coquimbo;CL;
2;CL-AR;La Araucania;CL;
2;CL-LI;Libertador General Bernardo O'Higgins;CL;
2;CL-LL;Los Lagos;CL;
2;CL-LR;Los Rios;CL;
2;CL-MA;Magallanes;CL;
2;CL-ML;Maule;CL;
2;CL-RM;Region Metropolitana de Santiago;CL;
2;CL-TA;Tarapaca;CL;
2;CL-VS;Valparaiso;CL;
2;CM-AD;Adamaoua;CM;
2;CM-CE;Centre;CM;
2;CM-ES;Est;CM;
2;CM-EN;Extreme-Nord;CM;
2;CM-LT;Littoral;CM;
2;CM-NO;Nord;CM;
2;CM-NW;Nord-Ouest;CM;
2;CM-OU;Ouest;CM;
2;CM-SU;Sud;CM;
2;CM-SW;Sud-Ouest;CM;
2;CN-AH;Anhui;CN;
2;CN-BJ;Beijing;CN;
2;CN-CQ;Chongqing;CN;
2;CN-FJ;Fujian;CN;
2;CN-GS;Gansu;CN;
2;CN-GD;Guangdong;CN;
2;CN-GX;Guangxi;CN;
2;CN-GZ;Guizhou;CN;
2;CN-HI;Hainan;CN;
2;CN-HE;Hebei;CN;
2;CN-HL;Heilongjiang;CN;
2;CN-HA;Henan;CN;
2;CN-HB;Hubei;CN;
2;CN-HN;Hunan;CN;
2;CN-JS;Jiangsu;CN;
2;CN-JX;Jiangxi;CN;
2;CN-JL;Jilin;CN;
2;CN-LN;Liaoning;CN;
2;CN-NM;Nei Mongol;CN;
2;CN-NX;Ningxia;CN;
2;CN-QH;Qinghai;CN;
2;CN-SN;Shaanxi;CN;
2;CN-SD;Shandong;CN;
2;CN-SH;Shanghai;CN;
2;CN-SX;Shanxi;CN;
2;CN-SC;Sichuan;CN;
2;CN-TJ;Tianjin;CN;
2;CN-XJ;Xinjiang;CN;
2;CN-XZ;Xizang;CN;
2;CN-YN;Yunnan;CN;
2;CN-ZJ;Zhejiang;CN;
2;CN-11;Beijing;CN;
2;CN-50;Chongqing;CN;
2;CN-31;Shanghai;CN;
2;CN-12;Tianjin;CN;
2;CN-34;Anhui;CN;
2;CN-35;Fujian;CN;
2;CN-62;Gansu;CN;
2;CN-44;Guangdong;CN;
2;CN-52;Guizhou;CN;
2;CN-46;Hainan;CN;
2;CN-13;Hebei;CN;
2;CN-23;Heilongjiang;CN;
2;CN-41;Henan;CN;
2;CN-42;Hubei;CN;
2;CN-43;Hunan;CN;
2;CN-32;Jiangsu;CN;
2;CN-36;Jiangxi;CN;
2;CN-22;Jilin;CN;
2;CN-21;Liaoning;CN;
2;CN-63;Qinghai;CN;
2;CN-61;Shaanxi;CN;
2;CN-37;Shandong;CN;
2;CN-14;Shanxi;CN;
2;CN-51;Sichuan;CN;
2;CN-71;Taïwan;CN;
2;CN-53;Yunnan;CN;
2;CN-33;Zhejiang;CN;
2;CN-45;Guangxi;CN;
2;CN-15;Neimenggu;CN;
2;CN-64;Ningxia;CN;
2;CN-65;Xinjiang;CN;
2;CN-54;Xizang;CN;
2;CN-91;Hong Kong;CN;
2;CN-92;Macao;CN;
2;CO-AMA;Amazonas;CO;
2;CO-ANT;Antioquia;CO;
2;CO-ARA;Arauca;CO;
2;CO-ATL;Atlantico;CO;
2;CO-BOL;Bolivar;CO;
2;CO-BOY;Boyaca;CO;
2;CO-CAL;Caldas;CO;
2;CO-CAQ;Caqueta;CO;
2;CO-CAS;Casanare;CO;
2;CO-CAU;Cauca;CO;
2;CO-CES;Cesar;CO;
2;CO-CHO;Choco;CO;
2;CO-COR;Cordoba;CO;
2;CO-CUN;Cundinamarca;CO;
2;CO-DC;Distrito Capital de Bogota;CO;
2;CO-GUA;Guainia;CO;
2;CO-GUV;Guaviare;CO;
2;CO-HUI;Huila;CO;
2;CO-LAG;La Guajira;CO;
2;CO-MAG;Magdalena;CO;
2;CO-MET;Meta;CO;
2;CO-NAR;Narino;CO;
2;CO-NSA;Norte de Santander;CO;
2;CO-PUT;Putumayo;CO;
2;CO-QUI;Quindio;CO;
2;CO-RIS;Risaralda;CO;
2;CO-SAP;San Andres, Providencia y Santa Catalina;CO;
2;CO-SAN;Santander;CO;
2;CO-SUC;Sucre;CO;
2;CO-TOL;Tolima;CO;
2;CO-VAC;Valle del Cauca;CO;
2;CO-VID;Vichada;CO;
2;CR-A;Alajuela;CR;
2;CR-C;Cartago;CR;
2;CR-G;Guanacaste;CR;
2;CR-H;Heredia;CR;
2;CR-L;Limon;CR;
2;CR-P;Puntarenas;CR;
2;CR-SJ;San Jose;CR;
2;CU-15;Artemisa;CU;
2;CU-09;Camaguey;CU;
2;CU-08;Ciego de Avila;CU;
2;CU-06;Cienfuegos;CU;
2;CU-12;Granma;CU;
2;CU-14;Guantanamo;CU;
2;CU-11;Holguin;CU;
2;CU-03;La Habana;CU;
2;CU-10;Las Tunas;CU;
2;CU-04;Matanzas;CU;
2;CU-16;Mayabeque;CU;
2;CU-01;Pinar del Rio;CU;
2;CU-07;Sancti Spiritus;CU;
2;CU-13;Santiago de Cuba;CU;
2;CU-05;Villa Clara;CU;
2;CV-BV;Boa Vista;CV;
2;CV-PN;Porto Novo;CV;
2;CV-PR;Praia;CV;
2;CV-SL;Sal;CV;
2;CV-CA;Santa Catarina;CV;
2;CV-SF;Sao Filipe;CV;
2;CV-SV;Sao Vicente;CV;
2;CY-04;Ammochostos;CY;
2;CY-06;Keryneia;CY;
2;CY-03;Larnaka;CY;
2;CY-01;Lefkosia;CY;
2;CY-02;Lemesos;CY;
2;CY-05;Pafos;CY;
2;CZ-31;Jihocesky kraj;CZ;
2;CZ-64;Jihomoravsky kraj;CZ;
2;CZ-41;Karlovarsky kraj;CZ;
2;CZ-63;Kraj Vysocina;CZ;
2;CZ-52;Kralovehradecky kraj;CZ;
2;CZ-51;Liberecky kraj;CZ;
2;CZ-80;Moravskoslezsky kraj;CZ;
2;CZ-71;Olomoucky kraj;CZ;
2;CZ-53;Pardubicky kraj;CZ;
2;CZ-32;Plzensky kraj;CZ;
2;CZ-10;Praha, Hlavni mesto;CZ;
2;CZ-20;Stredocesky kraj;CZ;
2;CZ-42;Ustecky kraj;CZ;
2;CZ-72;Zlinsky kraj;CZ;
2;DE-BW;Baden-Wurttemberg;DE;
2;DE-BY;Bayern;DE;
2;DE-BE;Berlin;DE;
2;DE-BB;Brandenburg;DE;
2;DE-HB;Bremen;DE;
2;DE-HH;Hamburg;DE;
2;DE-HE;Hessen;DE;
2;DE-MV;Mecklenburg-Vorpommern;DE;
2;DE-NI;Niedersachsen;DE;
2;DE-NW;Nordrhein-Westfalen;DE;
2;DE-RP;Rheinland-Pfalz;DE;
2;DE-SL;Saarland;DE;
2;DE-SN;Sachsen;DE;
2;DE-ST;Sachsen-Anhalt;DE;
2;DE-SH;Schleswig-Holstein;DE;
2;DE-TH;Thuringen;DE;
2;DJ-AR;Arta;DJ;
2;DJ-DJ;Djibouti;DJ;
2;DK-84;Hovedstaden;DK;
2;DK-82;Midtjylland;DK;
2;DK-81;Nordjylland;DK;
2;DK-85;Sjaelland;DK;
2;DK-83;Syddanmark;DK;
2;DM-02;Saint Andrew;DM;
2;DM-04;Saint George;DM;
2;DM-05;Saint John;DM;
2;DM-08;Saint Mark;DM;
2;DM-10;Saint Paul;DM;
2;DO-02;Azua;DO;
2;DO-03;Baoruco;DO;
2;DO-04;Barahona;DO;
2;DO-05;Dajabon;DO;
2;DO-01;Distrito Nacional (Santo Domingo);DO;
2;DO-06;Duarte;DO;
2;DO-08;El Seibo;DO;
2;DO-09;Espaillat;DO;
2;DO-30;Hato Mayor;DO;
2;DO-19;Hermanas Mirabal;DO;
2;DO-10;Independencia;DO;
2;DO-11;La Altagracia;DO;
2;DO-12;La Romana;DO;
2;DO-13;La Vega;DO;
2;DO-14;Maria Trinidad Sanchez;DO;
2;DO-28;Monsenor Nouel;DO;
2;DO-15;Monte Cristi;DO;
2;DO-29;Monte Plata;DO;
2;DO-16;Pedernales;DO;
2;DO-17;Peravia;DO;
2;DO-18;Puerto Plata;DO;
2;DO-20;Samana;DO;
2;DO-21;San Cristobal;DO;
2;DO-31;San Jose de Ocoa;DO;
2;DO-22;San Juan;DO;
2;DO-23;San Pedro de Macoris;DO;
2;DO-24;Sanchez Ramirez;DO;
2;DO-25;Santiago;DO;
2;DO-26;Santiago Rodriguez;DO;
2;DO-27;Valverde;DO;
2;DZ-01;Adrar;DZ;
2;DZ-44;Ain Defla;DZ;
2;DZ-46;Ain Temouchent;DZ;
2;DZ-16;Alger;DZ;
2;DZ-23;Annaba;DZ;
2;DZ-05;Batna;DZ;
2;DZ-08;Bechar;DZ;
2;DZ-06;Bejaia;DZ;
2;DZ-07;Biskra;DZ;
2;DZ-09;Blida;DZ;
2;DZ-34;Bordj Bou Arreridj;DZ;
2;DZ-10;Bouira;DZ;
2;DZ-35;Boumerdes;DZ;
2;DZ-02;Chlef;DZ;
2;DZ-25;Constantine;DZ;
2;DZ-17;Djelfa;DZ;
2;DZ-32;El Bayadh;DZ;
2;DZ-39;El Oued;DZ;
2;DZ-36;El Tarf;DZ;
2;DZ-47;Ghardaia;DZ;
2;DZ-24;Guelma;DZ;
2;DZ-33;Illizi;DZ;
2;DZ-18;Jijel;DZ;
2;DZ-40;Khenchela;DZ;
2;DZ-03;Laghouat;DZ;
2;DZ-28;M'sila;DZ;
2;DZ-29;Mascara;DZ;
2;DZ-26;Medea;DZ;
2;DZ-43;Mila;DZ;
2;DZ-27;Mostaganem;DZ;
2;DZ-45;Naama;DZ;
2;DZ-31;Oran;DZ;
2;DZ-30;Ouargla;DZ;
2;DZ-04;Oum el Bouaghi;DZ;
2;DZ-48;Relizane;DZ;
2;DZ-20;Saida;DZ;
2;DZ-19;Setif;DZ;
2;DZ-22;Sidi Bel Abbes;DZ;
2;DZ-21;Skikda;DZ;
2;DZ-41;Souk Ahras;DZ;
2;DZ-11;Tamanrasset;DZ;
2;DZ-12;Tebessa;DZ;
2;DZ-14;Tiaret;DZ;
2;DZ-37;Tindouf;DZ;
2;DZ-42;Tipaza;DZ;
2;DZ-38;Tissemsilt;DZ;
2;DZ-15;Tizi Ouzou;DZ;
2;DZ-13;Tlemcen;DZ;
2;EC-A;Azuay;EC;
2;EC-B;Bolivar;EC;
2;EC-F;Canar;EC;
2;EC-C;Carchi;EC;
2;EC-H;Chimborazo;EC;
2;EC-X;Cotopaxi;EC;
2;EC-O;El Oro;EC;
2;EC-E;Esmeraldas;EC;
2;EC-W;Galapagos;EC;
2;EC-G;Guayas;EC;
2;EC-I;Imbabura;EC;
2;EC-L;Loja;EC;
2;EC-R;Los Rios;EC;
2;EC-M;Manabi;EC;
2;EC-S;Morona Santiago;EC;
2;EC-N;Napo;EC;
2;EC-D;Orellana;EC;
2;EC-Y;Pastaza;EC;
2;EC-P;Pichincha;EC;
2;EC-SE;Santa Elena;EC;
2;EC-SD;Santo Domingo de los Tsachilas;EC;
2;EC-U;Sucumbios;EC;
2;EC-T;Tungurahua;EC;
2;EC-Z;Zamora Chinchipe;EC;
2;EE-37;Harjumaa;EE;
2;EE-39;Hiiumaa;EE;
2;EE-44;Ida-Virumaa;EE;
2;EE-51;Jarvamaa;EE;
2;EE-49;Jogevamaa;EE;
2;EE-59;Laane-Virumaa;EE;
2;EE-57;Laanemaa;EE;
2;EE-67;Parnumaa;EE;
2;EE-65;Polvamaa;EE;
2;EE-70;Raplamaa;EE;
2;EE-74;Saaremaa;EE;
2;EE-78;Tartumaa;EE;
2;EE-82;Valgamaa;EE;
2;EE-84;Viljandimaa;EE;
2;EE-86;Vorumaa;EE;
2;EG-DK;Ad Daqahliyah;EG;
2;EG-BA;Al Bahr al Ahmar;EG;
2;EG-BH;Al Buhayrah;EG;
2;EG-FYM;Al Fayyum;EG;
2;EG-GH;Al Gharbiyah;EG;
2;EG-ALX;Al Iskandariyah;EG;
2;EG-IS;Al Isma'iliyah;EG;
2;EG-GZ;Al Jizah;EG;
2;EG-MNF;Al Minufiyah;EG;
2;EG-MN;Al Minya;EG;
2;EG-C;Al Qahirah;EG;
2;EG-KB;Al Qalyubiyah;EG;
2;EG-LX;Al Uqsur;EG;
2;EG-WAD;Al Wadi al Jadid;EG;
2;EG-SUZ;As Suways;EG;
2;EG-SHR;Ash Sharqiyah;EG;
2;EG-ASN;Aswan;EG;
2;EG-AST;Asyut;EG;
2;EG-BNS;Bani Suwayf;EG;
2;EG-PTS;Bur Sa'id;EG;
2;EG-DT;Dumyat;EG;
2;EG-JS;Janub Sina';EG;
2;EG-KFS;Kafr ash Shaykh;EG;
2;EG-MT;Matruh;EG;
2;EG-KN;Qina;EG;
2;EG-SIN;Shamal Sina';EG;
2;EG-SHG;Suhaj;EG;
2;ER-MA;Al Awsat;ER;
2;ES-AN;Andalucia;ES;
2;ES-AR;Aragon;ES;
2;ES-AS;Asturias, Principado de;ES;
2;ES-CN;Canarias;ES;
2;ES-CB;Cantabria;ES;
2;ES-CL;Castilla y Leon;ES;
2;ES-CM;Castilla-La Mancha;ES;
2;ES-CT;Catalunya;ES;
2;ES-CE;Ceuta;ES;
2;ES-EX;Extremadura;ES;
2;ES-GA;Galicia;ES;
2;ES-IB;Illes Balears;ES;
2;ES-RI;La Rioja;ES;
2;ES-MD;Madrid, Comunidad de;ES;
2;ES-ML;Melilla;ES;
2;ES-MC;Murcia, Region de;ES;
2;ES-NC;Navarra, Comunidad Foral de;ES;
2;ES-PV;Pais Vasco;ES;
2;ES-VC;Valenciana, Comunidad;ES;
2;ET-AA;Adis Abeba;ET;
2;ET-AF;Afar;ET;
2;ET-AM;Amara;ET;
2;ET-BE;Binshangul Gumuz;ET;
2;ET-HA;Hareri Hizb;ET;
2;ET-OR;Oromiya;ET;
2;ET-SO;Sumale;ET;
2;ET-TI;Tigray;ET;
2;ET-SN;YeDebub Biheroch Bihereseboch na Hizboch;ET;
2;FI-02;Etela-Karjala;FI;
2;FI-03;Etela-Pohjanmaa;FI;
2;FI-04;Etela-Savo;FI;
2;FI-05;Kainuu;FI;
2;FI-06;Kanta-Hame;FI;
2;FI-07;Keski-Pohjanmaa;FI;
2;FI-08;Keski-Suomi;FI;
2;FI-09;Kymenlaakso;FI;
2;FI-10;Lappi;FI;
2;FI-16;Paijat-Hame;FI;
2;FI-11;Pirkanmaa;FI;
2;FI-12;Pohjanmaa;FI;
2;FI-13;Pohjois-Karjala;FI;
2;FI-14;Pohjois-Pohjanmaa;FI;
2;FI-15;Pohjois-Savo;FI;
2;FI-17;Satakunta;FI;
2;FI-18;Uusimaa;FI;
2;FI-19;Varsinais-Suomi;FI;
2;FJ-C;Central;FJ;
2;FJ-E;Eastern;FJ;
2;FJ-N;Northern;FJ;
2;FJ-W;Western;FJ;
2;FM-TRK;Chuuk;FM;
2;FM-KSA;Kosrae;FM;
2;FM-PNI;Pohnpei;FM;
2;FM-YAP;Yap;FM;
2;FR-ARA;Auvergne-Rhone-Alpes;FR;
2;FR-BFC;Bourgogne-Franche-Comte;FR;
2;FR-BRE;Bretagne;FR;
2;FR-CVL;Centre-Val de Loire;FR;
2;FR-COR;Corse;FR;
2;FR-GES;Grand-Est;FR;
2;FR-HDF;Hauts-de-France;FR;
2;FR-IDF;Ile-de-France;FR;
2;FR-NOR;Normandie;FR;
2;FR-NAQ;Nouvelle-Aquitaine;FR;
2;FR-OCC;Occitanie;FR;
2;FR-PDL;Pays-de-la-Loire;FR;
2;FR-PAC;Provence-Alpes-Cote-d'Azur;FR;
2;GA-1;Estuaire;GA;
2;GA-2;Haut-Ogooue;GA;
2;GA-3;Moyen-Ogooue;GA;
2;GA-4;Ngounie;GA;
2;GA-6;Ogooue-Ivindo;GA;
2;GA-7;Ogooue-Lolo;GA;
2;GA-8;Ogooue-Maritime;GA;
2;GA-9;Woleu-Ntem;GA;
2;GB-ENG;England;GB;
2;GB-NIR;Northern Ireland;GB;
2;GB-SCT;Scotland;GB;
2;GB-WLS;Wales;GB;
2;GD-01;Saint Andrew;GD;
2;GD-02;Saint David;GD;
2;GD-03;Saint George;GD;
2;GD-04;Saint John;GD;
2;GD-05;Saint Mark;GD;
2;GD-06;Saint Patrick;GD;
2;GD-10;Southern Grenadine Islands;GD;
2;GE-AB;Abkhazia;GE;
2;GE-AJ;Ajaria;GE;
2;GE-GU;Guria;GE;
2;GE-IM;Imereti;GE;
2;GE-KA;K'akheti;GE;
2;GE-KK;Kvemo Kartli;GE;
2;GE-MM;Mtskheta-Mtianeti;GE;
2;GE-RL;Rach'a-Lechkhumi-Kvemo Svaneti;GE;
2;GE-SZ;Samegrelo-Zemo Svaneti;GE;
2;GE-SJ;Samtskhe-Javakheti;GE;
2;GE-SK;Shida Kartli;GE;
2;GE-TB;Tbilisi;GE;
2;GH-AH;Ashanti;GH;
2;GH-BA;Brong-Ahafo;GH;
2;GH-CP;Central;GH;
2;GH-EP;Eastern;GH;
2;GH-AA;Greater Accra;GH;
2;GH-NP;Northern;GH;
2;GH-UE;Upper East;GH;
2;GH-TV;Volta;GH;
2;GH-WP;Western;GH;
2;GL-KU;Kommune Kujalleq;GL;
2;GL-SM;Kommuneqarfik Sermersooq;GL;
2;GL-QE;Qeqqata Kommunia;GL;
2;GM-B;Banjul;GM;
2;GM-M;Central River;GM;
2;GM-L;Lower River;GM;
2;GM-N;North Bank;GM;
2;GM-U;Upper River;GM;
2;GM-W;Western;GM;
2;GN-B;Boke;GN;
2;GN-C;Conakry;GN;
2;GN-CO;Coyah;GN;
2;GN-DB;Dabola;GN;
2;GN-DL;Dalaba;GN;
2;GN-DU;Dubreka;GN;
2;GN-K;Kankan;GN;
2;GN-KS;Kissidougou;GN;
2;GN-L;Labe;GN;
2;GN-MC;Macenta;GN;
2;GN-N;Nzerekore;GN;
2;GN-PI;Pita;GN;
2;GN-SI;Siguiri;GN;
2;GQ-BN;Bioko Norte;GQ;
2;GQ-BS;Bioko Sur;GQ;
2;GQ-LI;Litoral;GQ;
2;GQ-WN;Wele-Nzas;GQ;
2;GR-69;Agion Oros;GR;
2;GR-A;Anatoliki Makedonia kai Thraki;GR;
2;GR-I;Attiki;GR;
2;GR-G;Dytiki Ellada;GR;
2;GR-C;Dytiki Makedonia;GR;
2;GR-F;Ionia Nisia;GR;
2;GR-D;Ipeiros;GR;
2;GR-B;Kentriki Makedonia;GR;
2;GR-M;Kriti;GR;
2;GR-L;Notio Aigaio;GR;
2;GR-J;Peloponnisos;GR;
2;GR-H;Sterea Ellada;GR;
2;GR-E;Thessalia;GR;
2;GR-K;Voreio Aigaio;GR;
2;GT-AV;Alta Verapaz;GT;
2;GT-BV;Baja Verapaz;GT;
2;GT-CM;Chimaltenango;GT;
2;GT-CQ;Chiquimula;GT;
2;GT-PR;El Progreso;GT;
2;GT-ES;Escuintla;GT;
2;GT-GU;Guatemala;GT;
2;GT-HU;Huehuetenango;GT;
2;GT-IZ;Izabal;GT;
2;GT-JA;Jalapa;GT;
2;GT-JU;Jutiapa;GT;
2;GT-PE;Peten;GT;
2;GT-QZ;Quetzaltenango;GT;
2;GT-QC;Quiche;GT;
2;GT-RE;Retalhuleu;GT;
2;GT-SA;Sacatepequez;GT;
2;GT-SM;San Marcos;GT;
2;GT-SR;Santa Rosa;GT;
2;GT-SO;Solola;GT;
2;GT-SU;Suchitepequez;GT;
2;GT-TO;Totonicapan;GT;
2;GT-ZA;Zacapa;GT;
2;GW-BS;Bissau;GW;
2;GW-GA;Gabu;GW;
2;GY-DE;Demerara-Mahaica;GY;
2;GY-EB;East Berbice-Corentyne;GY;
2;GY-ES;Essequibo Islands-West Demerara;GY;
2;GY-MA;Mahaica-Berbice;GY;
2;GY-PM;Pomeroon-Supenaam;GY;
2;GY-UD;Upper Demerara-Berbice;GY;
2;HN-AT;Atlantida;HN;
2;HN-CH;Choluteca;HN;
2;HN-CL;Colon;HN;
2;HN-CM;Comayagua;HN;
2;HN-CP;Copan;HN;
2;HN-CR;Cortes;HN;
2;HN-EP;El Paraiso;HN;
2;HN-FM;Francisco Morazan;HN;
2;HN-IN;Intibuca;HN;
2;HN-IB;Islas de la Bahia;HN;
2;HN-LP;La Paz;HN;
2;HN-LE;Lempira;HN;
2;HN-OC;Ocotepeque;HN;
2;HN-OL;Olancho;HN;
2;HN-SB;Santa Barbara;HN;
2;HN-VA;Valle;HN;
2;HN-YO;Yoro;HN;
2;HR-07;Bjelovarsko-bilogorska zupanija;HR;
2;HR-12;Brodsko-posavska zupanija;HR;
2;HR-19;Dubrovacko-neretvanska zupanija;HR;
2;HR-21;Grad Zagreb;HR;
2;HR-18;Istarska zupanija;HR;
2;HR-04;Karlovacka zupanija;HR;
2;HR-06;Koprivnicko-krizevacka zupanija;HR;
2;HR-02;Krapinsko-zagorska zupanija;HR;
2;HR-09;Licko-senjska zupanija;HR;
2;HR-20;Medimurska zupanija;HR;
2;HR-14;Osjecko-baranjska zupanija;HR;
2;HR-11;Pozesko-slavonska zupanija;HR;
2;HR-08;Primorsko-goranska zupanija;HR;
2;HR-15;Sibensko-kninska zupanija;HR;
2;HR-03;Sisacko-moslavacka zupanija;HR;
2;HR-17;Splitsko-dalmatinska zupanija;HR;
2;HR-05;Varazdinska zupanija;HR;
2;HR-10;Viroviticko-podravska zupanija;HR;
2;HR-16;Vukovarsko-srijemska zupanija;HR;
2;HR-13;Zadarska zupanija;HR;
2;HR-01;Zagrebacka zupanija;HR;
2;HT-AR;Artibonite;HT;
2;HT-CE;Centre;HT;
2;HT-GA;Grande'Anse;HT;
2;HT-NI;Nippes;HT;
2;HT-ND;Nord;HT;
2;HT-NE;Nord-Est;HT;
2;HT-OU;Ouest;HT;
2;HT-SD;Sud;HT;
2;HT-SE;Sud-Est;HT;
2;HU-BK;Bacs-Kiskun;HU;
2;HU-BA;Baranya;HU;
2;HU-BE;Bekes;HU;
2;HU-BZ;Borsod-Abauj-Zemplen;HU;
2;HU-BU;Budapest;HU;
2;HU-CS;Csongrad;HU;
2;HU-FE;Fejer;HU;
2;HU-GS;Gyor-Moson-Sopron;HU;
2;HU-HB;Hajdu-Bihar;HU;
2;HU-HE;Heves;HU;
2;HU-JN;Jasz-Nagykun-Szolnok;HU;
2;HU-KE;Komarom-Esztergom;HU;
2;HU-NO;Nograd;HU;
2;HU-PE;Pest;HU;
2;HU-SO;Somogy;HU;
2;HU-SZ;Szabolcs-Szatmar-Bereg;HU;
2;HU-TO;Tolna;HU;
2;HU-VA;Vas;HU;
2;HU-VE;Veszprem;HU;
2;HU-ZA;Zala;HU;
2;ID-AC;Aceh;ID;
2;ID-BA;Bali;ID;
2;ID-BT;Banten;ID;
2;ID-BE;Bengkulu;ID;
2;ID-GO;Gorontalo;ID;
2;ID-JK;Jakarta Raya;ID;
2;ID-JA;Jambi;ID;
2;ID-JB;Jawa Barat;ID;
2;ID-JT;Jawa Tengah;ID;
2;ID-JI;Jawa Timur;ID;
2;ID-KB;Kalimantan Barat;ID;
2;ID-KS;Kalimantan Selatan;ID;
2;ID-KT;Kalimantan Tengah;ID;
2;ID-KI;Kalimantan Timur;ID;
2;ID-KU;Kalimantan Utara;ID;
2;ID-BB;Kepulauan Bangka Belitung;ID;
2;ID-KR;Kepulauan Riau;ID;
2;ID-LA;Lampung;ID;
2;ID-ML;Maluku;ID;
2;ID-MU;Maluku Utara;ID;
2;ID-NB;Nusa Tenggara Barat;ID;
2;ID-NT;Nusa Tenggara Timur;ID;
2;ID-PP;Papua;ID;
2;ID-PB;Papua Barat;ID;
2;ID-RI;Riau;ID;
2;ID-SR;Sulawesi Barat;ID;
2;ID-SN;Sulawesi Selatan;ID;
2;ID-ST;Sulawesi Tengah;ID;
2;ID-SG;Sulawesi Tenggara;ID;
2;ID-SA;Sulawesi Utara;ID;
2;ID-SB;Sumatera Barat;ID;
2;ID-SS;Sumatera Selatan;ID;
2;ID-SU;Sumatera Utara;ID;
2;ID-YO;Yogyakarta;ID;
2;IE-CW;Carlow;IE;
2;IE-CN;Cavan;IE;
2;IE-CE;Clare;IE;
2;IE-CO;Cork;IE;
2;IE-DL;Donegal;IE;
2;IE-D;Dublin;IE;
2;IE-G;Galway;IE;
2;IE-KY;Kerry;IE;
2;IE-KE;Kildare;IE;
2;IE-KK;Kilkenny;IE;
2;IE-LS;Laois;IE;
2;IE-LM;Leitrim;IE;
2;IE-LK;Limerick;IE;
2;IE-LD;Longford;IE;
2;IE-LH;Louth;IE;
2;IE-MO;Mayo;IE;
2;IE-MH;Meath;IE;
2;IE-MN;Monaghan;IE;
2;IE-OY;Offaly;IE;
2;IE-RN;Roscommon;IE;
2;IE-SO;Sligo;IE;
2;IE-TA;Tipperary;IE;
2;IE-WD;Waterford;IE;
2;IE-WH;Westmeath;IE;
2;IE-WX;Wexford;IE;
2;IE-WW;Wicklow;IE;
2;IL-D;HaDarom;IL;
2;IL-M;HaMerkaz;IL;
2;IL-Z;HaTsafon;IL;
2;IL-HA;Hefa;IL;
2;IL-TA;Tel Aviv;IL;
2;IL-JM;Yerushalayim;IL;
2;IN-AN;Andaman and Nicobar Islands;IN;
2;IN-AP;Andhra Pradesh;IN;
2;IN-AR;Arunachal Pradesh;IN;
2;IN-AS;Assam;IN;
2;IN-BR;Bihar;IN;
2;IN-CH;Chandigarh;IN;
2;IN-CT;Chhattisgarh;IN;
2;IN-DN;Dadra and Nagar Haveli;IN;
2;IN-DD;Daman and Diu;IN;
2;IN-DL;Delhi;IN;
2;IN-GA;Goa;IN;
2;IN-GJ;Gujarat;IN;
2;IN-HR;Haryana;IN;
2;IN-HP;Himachal Pradesh;IN;
2;IN-JK;Jammu and Kashmir;IN;
2;IN-JH;Jharkhand;IN;
2;IN-KA;Karnataka;IN;
2;IN-KL;Kerala;IN;
2;IN-LD;Lakshadweep;IN;
2;IN-MP;Madhya Pradesh;IN;
2;IN-MH;Maharashtra;IN;
2;IN-MN;Manipur;IN;
2;IN-ML;Meghalaya;IN;
2;IN-MZ;Mizoram;IN;
2;IN-NL;Nagaland;IN;
2;IN-OR;Odisha;IN;
2;IN-PY;Puducherry;IN;
2;IN-PB;Punjab;IN;
2;IN-RJ;Rajasthan;IN;
2;IN-SK;Sikkim;IN;
2;IN-TN;Tamil Nadu;IN;
2;IN-TG;Telangana;IN;
2;IN-TR;Tripura;IN;
2;IN-UP;Uttar Pradesh;IN;
2;IN-UT;Uttarakhand;IN;
2;IN-WB;West Bengal;IN;
2;IQ-AN;Al Anbar;IQ;
2;IQ-BA;Al Basrah;IQ;
2;IQ-MU;Al Muthanna;IQ;
2;IQ-QA;Al Qadisiyah;IQ;
2;IQ-NA;An Najaf;IQ;
2;IQ-AR;Arbil;IQ;
2;IQ-SU;As Sulaymaniyah;IQ;
2;IQ-BB;Babil;IQ;
2;IQ-BG;Baghdad;IQ;
2;IQ-DA;Dahuk;IQ;
2;IQ-DQ;Dhi Qar;IQ;
2;IQ-DI;Diyala;IQ;
2;IQ-KA;Karbala';IQ;
2;IQ-KI;Kirkuk;IQ;
2;IQ-MA;Maysan;IQ;
2;IQ-NI;Ninawa;IQ;
2;IQ-SD;Salah ad Din;IQ;
2;IQ-WA;Wasit;IQ;
2;IR-32;Alborz;IR;
2;IR-03;Ardabil;IR;
2;IR-02;Azarbayjan-e Gharbi;IR;
2;IR-01;Azarbayjan-e Sharqi;IR;
2;IR-06;Bushehr;IR;
2;IR-08;Chahar Mahal va Bakhtiari;IR;
2;IR-04;Esfahan;IR;
2;IR-14;Fars;IR;
2;IR-19;Gilan;IR;
2;IR-27;Golestan;IR;
2;IR-24;Hamadan;IR;
2;IR-23;Hormozgan;IR;
2;IR-05;Ilam;IR;
2;IR-15;Kerman;IR;
2;IR-17;Kermanshah;IR;
2;IR-29;Khorasan-e Jonubi;IR;
2;IR-30;Khorasan-e Razavi;IR;
2;IR-31;Khorasan-e Shomali;IR;
2;IR-10;Khuzestan;IR;
2;IR-18;Kohgiluyeh va Bowyer Ahmad;IR;
2;IR-16;Kordestan;IR;
2;IR-20;Lorestan;IR;
2;IR-22;Markazi;IR;
2;IR-21;Mazandaran;IR;
2;IR-28;Qazvin;IR;
2;IR-26;Qom;IR;
2;IR-12;Semnan;IR;
2;IR-13;Sistan va Baluchestan;IR;
2;IR-07;Tehran;IR;
2;IR-25;Yazd;IR;
2;IR-11;Zanjan;IR;
2;IS-7;Austurland;IS;
2;IS-1;Hofudborgarsvaedi;IS;
2;IS-6;Nordurland eystra;IS;
2;IS-5;Nordurland vestra;IS;
2;IS-8;Sudurland;IS;
2;IS-2;Sudurnes;IS;
2;IS-4;Vestfirdir;IS;
2;IS-3;Vesturland;IS;
2;IT-65;Abruzzo;IT;
2;IT-77;Basilicata;IT;
2;IT-78;Calabria;IT;
2;IT-72;Campania;IT;
2;IT-45;Emilia-Romagna;IT;
2;IT-36;Friuli-Venezia Giulia;IT;
2;IT-62;Lazio;IT;
2;IT-42;Liguria;IT;
2;IT-25;Lombardia;IT;
2;IT-57;Marche;IT;
2;IT-67;Molise;IT;
2;IT-21;Piemonte;IT;
2;IT-75;Puglia;IT;
2;IT-88;Sardegna;IT;
2;IT-82;Sicilia;IT;
2;IT-52;Toscana;IT;
2;IT-32;Trentino-Alto Adige;IT;
2;IT-55;Umbria;IT;
2;IT-23;Valle d'Aosta;IT;
2;IT-34;Veneto;IT;
2;JM-13;Clarendon;JM;
2;JM-09;Hanover;JM;
2;JM-01;Kingston;JM;
2;JM-12;Manchester;JM;
2;JM-04;Portland;JM;
2;JM-02;Saint Andrew;JM;
2;JM-06;Saint Ann;JM;
2;JM-14;Saint Catherine;JM;
2;JM-11;Saint Elizabeth;JM;
2;JM-08;Saint James;JM;
2;JM-05;Saint Mary;JM;
2;JM-03;Saint Thomas;JM;
2;JM-07;Trelawny;JM;
2;JM-10;Westmoreland;JM;
2;JO-AJ;'Ajlun;JO;
2;JO-AQ;Al 'Aqabah;JO;
2;JO-AM;Al 'Asimah;JO;
2;JO-BA;Al Balqa';JO;
2;JO-KA;Al Karak;JO;
2;JO-MA;Al Mafraq;JO;
2;JO-AT;At Tafilah;JO;
2;JO-AZ;Az Zarqa';JO;
2;JO-IR;Irbid;JO;
2;JO-JA;Jarash;JO;
2;JO-MN;Ma'an;JO;
2;JO-MD;Madaba;JO;
2;JP-23;Aichi;JP;
2;JP-05;Akita;JP;
2;JP-02;Aomori;JP;
2;JP-12;Chiba;JP;
2;JP-38;Ehime;JP;
2;JP-18;Fukui;JP;
2;JP-40;Fukuoka;JP;
2;JP-07;Fukushima;JP;
2;JP-21;Gifu;JP;
2;JP-10;Gunma;JP;
2;JP-34;Hiroshima;JP;
2;JP-01;Hokkaido;JP;
2;JP-28;Hyogo;JP;
2;JP-08;Ibaraki;JP;
2;JP-17;Ishikawa;JP;
2;JP-03;Iwate;JP;
2;JP-37;Kagawa;JP;
2;JP-46;Kagoshima;JP;
2;JP-14;Kanagawa;JP;
2;JP-39;Kochi;JP;
2;JP-43;Kumamoto;JP;
2;JP-26;Kyoto;JP;
2;JP-24;Mie;JP;
2;JP-04;Miyagi;JP;
2;JP-45;Miyazaki;JP;
2;JP-20;Nagano;JP;
2;JP-42;Nagasaki;JP;
2;JP-29;Nara;JP;
2;JP-15;Niigata;JP;
2;JP-44;Oita;JP;
2;JP-33;Okayama;JP;
2;JP-47;Okinawa;JP;
2;JP-27;Osaka;JP;
2;JP-41;Saga;JP;
2;JP-11;Saitama;JP;
2;JP-25;Shiga;JP;
2;JP-32;Shimane;JP;
2;JP-22;Shizuoka;JP;
2;JP-09;Tochigi;JP;
2;JP-36;Tokushima;JP;
2;JP-13;Tokyo;JP;
2;JP-31;Tottori;JP;
2;JP-16;Toyama;JP;
2;JP-30;Wakayama;JP;
2;JP-06;Yamagata;JP;
2;JP-35;Yamaguchi;JP;
2;JP-19;Yamanashi;JP;
2;KE-01;Baringo;KE;
2;KE-02;Bomet;KE;
2;KE-03;Bungoma;KE;
2;KE-04;Busia;KE;
2;KE-05;Elgeyo/Marakwet;KE;
2;KE-06;Embu;KE;
2;KE-07;Garissa;KE;
2;KE-08;Homa Bay;KE;
2;KE-09;Isiolo;KE;
2;KE-10;Kajiado;KE;
2;KE-11;Kakamega;KE;
2;KE-12;Kericho;KE;
2;KE-13;Kiambu;KE;
2;KE-14;Kilifi;KE;
2;KE-15;Kirinyaga;KE;
2;KE-16;Kisii;KE;
2;KE-17;Kisumu;KE;
2;KE-18;Kitui;KE;
2;KE-19;Kwale;KE;
2;KE-20;Laikipia;KE;
2;KE-21;Lamu;KE;
2;KE-22;Machakos;KE;
2;KE-23;Makueni;KE;
2;KE-24;Mandera;KE;
2;KE-25;Marsabit;KE;
2;KE-26;Meru;KE;
2;KE-27;Migori;KE;
2;KE-28;Mombasa;KE;
2;KE-29;Murang'a;KE;
2;KE-30;Nairobi City;KE;
2;KE-31;Nakuru;KE;
2;KE-32;Nandi;KE;
2;KE-33;Narok;KE;
2;KE-34;Nyamira;KE;
2;KE-35;Nyandarua;KE;
2;KE-36;Nyeri;KE;
2;KE-38;Siaya;KE;
2;KE-39;Taita/Taveta;KE;
2;KE-41;Tharaka-Nithi;KE;
2;KE-42;Trans Nzoia;KE;
2;KE-43;Turkana;KE;
2;KE-44;Uasin Gishu;KE;
2;KE-46;Wajir;KE;
2;KG-B;Batken;KG;
2;KG-GB;Bishkek;KG;
2;KG-C;Chuy;KG;
2;KG-J;Jalal-Abad;KG;
2;KG-N;Naryn;KG;
2;KG-GO;Osh;KG;
2;KG-T;Talas;KG;
2;KG-Y;Ysyk-Kol;KG;
2;KH-2;Baat Dambang;KH;
2;KH-1;Banteay Mean Chey;KH;
2;KH-3;Kampong Chaam;KH;
2;KH-4;Kampong Chhnang;KH;
2;KH-5;Kampong Spueu;KH;
2;KH-6;Kampong Thum;KH;
2;KH-7;Kampot;KH;
2;KH-8;Kandaal;KH;
2;KH-10;Kracheh;KH;
2;KH-23;Krong Kaeb;KH;
2;KH-24;Krong Pailin;KH;
2;KH-18;Krong Preah Sihanouk;KH;
2;KH-11;Mondol Kiri;KH;
2;KH-12;Phnom Penh;KH;
2;KH-15;Pousaat;KH;
2;KH-14;Prey Veaeng;KH;
2;KH-16;Rotanak Kiri;KH;
2;KH-17;Siem Reab;KH;
2;KH-20;Svaay Rieng;KH;
2;KH-21;Taakaev;KH;
2;KI-G;Gilbert Islands;KI;
2;KI-L;Line Islands;KI;
2;KM-A;Anjouan;KM;
2;KM-G;Grande Comore;KM;
2;KN-02;Saint Anne Sandy Point;KN;
2;KN-03;Saint George Basseterre;KN;
2;KN-05;Saint James Windward;KN;
2;KN-07;Saint John Figtree;KN;
2;KN-08;Saint Mary Cayon;KN;
2;KN-09;Saint Paul Capisterre;KN;
2;KN-10;Saint Paul Charlestown;KN;
2;KN-11;Saint Peter Basseterre;KN;
2;KN-12;Saint Thomas Lowland;KN;
2;KN-13;Saint Thomas Middle Island;KN;
2;KP-01;P'yongyang;KP;
2;KR-26;Busan-gwangyeoksi;KR;
2;KR-43;Chungcheongbuk-do;KR;
2;KR-44;Chungcheongnam-do;KR;
2;KR-27;Daegu-gwangyeoksi;KR;
2;KR-30;Daejeon-gwangyeoksi;KR;
2;KR-42;Gangwon-do;KR;
2;KR-29;Gwangju-gwangyeoksi;KR;
2;KR-41;Gyeonggi-do;KR;
2;KR-47;Gyeongsangbuk-do;KR;
2;KR-48;Gyeongsangnam-do;KR;
2;KR-28;Incheon-gwangyeoksi;KR;
2;KR-49;Jeju-teukbyeoljachido;KR;
2;KR-50;Sejong;KR;
2;KR-45;Jeollabuk-do;KR;
2;KR-46;Jeollanam-do;KR;
2;KR-11;Seoul-teukbyeolsi;KR;
2;KR-31;Ulsan-gwangyeoksi;KR;
2;KW-KU;Al 'Asimah;KW;
2;KW-AH;Al Ahmadi;KW;
2;KW-FA;Al Farwaniyah;KW;
2;KW-JA;Al Jahra';KW;
2;KW-HA;Hawalli;KW;
2;KW-MU;Mubarak al Kabir;KW;
2;KZ-ALA;Almaty;KZ;
2;KZ-ALM;Almaty oblysy;KZ;
2;KZ-AKM;Aqmola oblysy;KZ;
2;KZ-AKT;Aqtobe oblysy;KZ;
2;KZ-AST;Astana;KZ;
2;KZ-ATY;Atyrau oblysy;KZ;
2;KZ-ZAP;Batys Qazaqstan oblysy;KZ;
2;KZ-BAY;Bayqongyr;KZ;
2;KZ-MAN;Mangghystau oblysy;KZ;
2;KZ-YUZ;Ongtustik Qazaqstan oblysy;KZ;
2;KZ-PAV;Pavlodar oblysy;KZ;
2;KZ-KAR;Qaraghandy oblysy;KZ;
2;KZ-KUS;Qostanay oblysy;KZ;
2;KZ-KZY;Qyzylorda oblysy;KZ;
2;KZ-VOS;Shyghys Qazaqstan oblysy;KZ;
2;KZ-SEV;Soltustik Qazaqstan oblysy;KZ;
2;KZ-ZHA;Zhambyl oblysy;KZ;
2;LA-AT;Attapu;LA;
2;LA-CH;Champasak;LA;
2;LA-HO;Houaphan;LA;
2;LA-KH;Khammouan;LA;
2;LA-LM;Louang Namtha;LA;
2;LA-LP;Louangphabang;LA;
2;LA-OU;Oudomxai;LA;
2;LA-SV;Savannakhet;LA;
2;LA-VI;Viangchan;LA;
2;LA-XA;Xaignabouli;LA;
2;LA-XE;Xekong;LA;
2;LA-XI;Xiangkhouang;LA;
2;LB-AK;Aakkar;LB;
2;LB-BH;Baalbek-Hermel;LB;
2;LB-BI;Beqaa;LB;
2;LB-BA;Beyrouth;LB;
2;LB-AS;Liban-Nord;LB;
2;LB-JA;Liban-Sud;LB;
2;LB-JL;Mont-Liban;LB;
2;LB-NA;Nabatiye;LB;
2;LC-01;Anse la Raye;LC;
2;LC-02;Castries;LC;
2;LC-05;Dennery;LC;
2;LC-06;Gros Islet;LC;
2;LC-07;Laborie;LC;
2;LC-08;Micoud;LC;
2;LC-10;Soufriere;LC;
2;LC-11;Vieux Fort;LC;
2;LI-01;Balzers;LI;
2;LI-02;Eschen;LI;
2;LI-03;Gamprin;LI;
2;LI-04;Mauren;LI;
2;LI-05;Planken;LI;
2;LI-06;Ruggell;LI;
2;LI-07;Schaan;LI;
2;LI-08;Schellenberg;LI;
2;LI-09;Triesen;LI;
2;LI-10;Triesenberg;LI;
2;LI-11;Vaduz;LI;
2;LK-2;Central Province;LK;
2;LK-5;Eastern Province;LK;
2;LK-7;North Central Province;LK;
2;LK-6;North Western Province;LK;
2;LK-4;Northern Province;LK;
2;LK-9;Sabaragamuwa Province;LK;
2;LK-3;Southern Province;LK;
2;LK-8;Uva Province;LK;
2;LK-1;Western Province;LK;
2;LR-GB;Grand Bassa;LR;
2;LR-GG;Grand Gedeh;LR;
2;LR-MG;Margibi;LR;
2;LR-MY;Maryland;LR;
2;LR-MO;Montserrado;LR;
2;LR-NI;Nimba;LR;
2;LR-RG;River Gee;LR;
2;LR-SI;Sinoe;LR;
2;LS-D;Berea;LS;
2;LS-B;Butha-Buthe;LS;
2;LS-C;Leribe;LS;
2;LS-A;Maseru;LS;
2;LS-F;Mohale's Hoek;LS;
2;LS-G;Quthing;LS;
2;LT-AL;Alytaus apskritis;LT;
2;LT-KU;Kauno apskritis;LT;
2;LT-KL;Klaipedos apskritis;LT;
2;LT-MR;Marijampoles apskritis;LT;
2;LT-PN;Panevezio apskritis;LT;
2;LT-SA;Siauliu apskritis;LT;
2;LT-TA;Taurages apskritis;LT;
2;LT-TE;Telsiu apskritis;LT;
2;LT-UT;Utenos apskritis;LT;
2;LT-VL;Vilniaus apskritis;LT;
2;LU-DI;Diekirch;LU;
2;LU-GR;Grevenmacher;LU;
2;LU-LU;Luxembourg;LU;
2;LV-011;Adazu novads;LV;
2;LV-001;Aglonas novads;LV;
2;LV-002;Aizkraukles novads;LV;
2;LV-003;Aizputes novads;LV;
2;LV-005;Alojas novads;LV;
2;LV-007;Aluksnes novads;LV;
2;LV-012;Babites novads;LV;
2;LV-013;Baldones novads;LV;
2;LV-014;Baltinavas novads;LV;
2;LV-015;Balvu novads;LV;
2;LV-016;Bauskas novads;LV;
2;LV-017;Beverinas novads;LV;
2;LV-018;Brocenu novads;LV;
2;LV-020;Carnikavas novads;LV;
2;LV-022;Cesu novads;LV;
2;LV-021;Cesvaines novads;LV;
2;LV-023;Ciblas novads;LV;
2;LV-025;Daugavpils novads;LV;
2;LV-026;Dobeles novads;LV;
2;LV-030;Erglu novads;LV;
2;LV-033;Gulbenes novads;LV;
2;LV-034;Iecavas novads;LV;
2;LV-035;Ikskiles novads;LV;
2;LV-037;Incukalna novads;LV;
2;LV-038;Jaunjelgavas novads;LV;
2;LV-039;Jaunpiebalgas novads;LV;
2;LV-040;Jaunpils novads;LV;
2;LV-042;Jekabpils novads;LV;
2;LV-JEL;Jelgava;LV;
2;LV-041;Jelgavas novads;LV;
2;LV-JUR;Jurmala;LV;
2;LV-052;Kekavas novads;LV;
2;LV-046;Kokneses novads;LV;
2;LV-047;Kraslavas novads;LV;
2;LV-050;Kuldigas novads;LV;
2;LV-053;Lielvardes novads;LV;
2;LV-LPX;Liepaja;LV;
2;LV-054;Limbazu novads;LV;
2;LV-056;Livanu novads;LV;
2;LV-057;Lubanas novads;LV;
2;LV-058;Ludzas novads;LV;
2;LV-059;Madonas novads;LV;
2;LV-061;Malpils novads;LV;
2;LV-064;Nauksenu novads;LV;
2;LV-067;Ogres novads;LV;
2;LV-068;Olaines novads;LV;
2;LV-069;Ozolnieku novads;LV;
2;LV-073;Preilu novads;LV;
2;LV-077;Rezeknes novads;LV;
2;LV-078;Riebinu novads;LV;
2;LV-RIX;Riga;LV;
2;LV-079;Rojas novads;LV;
2;LV-080;Ropazu novads;LV;
2;LV-082;Rugaju novads;LV;
2;LV-083;Rundales novads;LV;
2;LV-087;Salaspils novads;LV;
2;LV-088;Saldus novads;LV;
2;LV-089;Saulkrastu novads;LV;
2;LV-090;Sejas novads;LV;
2;LV-091;Siguldas novads;LV;
2;LV-093;Skrundas novads;LV;
2;LV-095;Stopinu novads;LV;
2;LV-096;Strencu novads;LV;
2;LV-097;Talsu novads;LV;
2;LV-099;Tukuma novads;LV;
2;LV-101;Valkas novads;LV;
2;LV-VMR;Valmiera;LV;
2;LV-103;Varkavas novads;LV;
2;LV-105;Vecumnieku novads;LV;
2;LV-106;Ventspils novads;LV;
2;LY-BU;Al Butnan;LY;
2;LY-JA;Al Jabal al Akhdar;LY;
2;LY-JG;Al Jabal al Gharbi;LY;
2;LY-JU;Al Jufrah;LY;
2;LY-KF;Al Kufrah;LY;
2;LY-MJ;Al Marj;LY;
2;LY-MB;Al Marqab;LY;
2;LY-WA;Al Wahat;LY;
2;LY-NQ;An Nuqat al Khams;LY;
2;LY-ZA;Az Zawiyah;LY;
2;LY-BA;Banghazi;LY;
2;LY-DR;Darnah;LY;
2;LY-GT;Ghat;LY;
2;LY-MI;Misratah;LY;
2;LY-MQ;Murzuq;LY;
2;LY-NL;Nalut;LY;
2;LY-SB;Sabha;LY;
2;LY-SR;Surt;LY;
2;LY-TB;Tarabulus;LY;
2;LY-WS;Wadi ash Shati';LY;
2;MA-05;Beni-Mellal-Khenifra;MA;
2;MA-06;Casablanca-Settat;MA;
2;MA-08;Draa-Tafilalet;MA;
2;MA-03;Fes- Meknes;MA;
2;MA-10;Guelmim-Oued Noun (EH-partial);MA;
2;MA-02;L'Oriental;MA;
2;MA-11;Laayoune-Sakia El Hamra (EH-partial);MA;
2;MA-07;Marrakech-Safi;MA;
2;MA-04;Rabat-Sale-Kenitra;MA;
2;MA-09;Souss-Massa;MA;
2;MA-01;Tanger-Tetouan-Al Hoceima;MA;
2;MC-CO;La Condamine;MC;
2;MC-MO;Monaco-Ville;MC;
2;MC-MC;Monte-Carlo;MC;
2;MC-SR;Saint-Roman;MC;
2;MD-AN;Anenii Noi;MD;
2;MD-BA;Balti;MD;
2;MD-BS;Basarabeasca;MD;
2;MD-BD;Bender;MD;
2;MD-BR;Briceni;MD;
2;MD-CA;Cahul;MD;
2;MD-CL;Calarasi;MD;
2;MD-CT;Cantemir;MD;
2;MD-CS;Causeni;MD;
2;MD-CU;Chisinau;MD;
2;MD-CM;Cimislia;MD;
2;MD-CR;Criuleni;MD;
2;MD-DO;Donduseni;MD;
2;MD-DR;Drochia;MD;
2;MD-DU;Dubasari;MD;
2;MD-ED;Edinet;MD;
2;MD-FA;Falesti;MD;
2;MD-FL;Floresti;MD;
2;MD-GA;Gagauzia, Unitatea teritoriala autonoma;MD;
2;MD-GL;Glodeni;MD;
2;MD-HI;Hincesti;MD;
2;MD-IA;Ialoveni;MD;
2;MD-LE;Leova;MD;
2;MD-NI;Nisporeni;MD;
2;MD-OC;Ocnita;MD;
2;MD-OR;Orhei;MD;
2;MD-RE;Rezina;MD;
2;MD-RI;Riscani;MD;
2;MD-SI;Singerei;MD;
2;MD-SD;Soldanesti;MD;
2;MD-SO;Soroca;MD;
2;MD-SV;Stefan Voda;MD;
2;MD-SN;Stinga Nistrului, unitatea teritoriala din;MD;
2;MD-ST;Straseni;MD;
2;MD-TA;Taraclia;MD;
2;MD-TE;Telenesti;MD;
2;MD-UN;Ungheni;MD;
2;ME-02;Bar;ME;
2;ME-03;Berane;ME;
2;ME-04;Bijelo Polje;ME;
2;ME-05;Budva;ME;
2;ME-06;Cetinje;ME;
2;ME-07;Danilovgrad;ME;
2;ME-08;Herceg-Novi;ME;
2;ME-09;Kolasin;ME;
2;ME-10;Kotor;ME;
2;ME-12;Niksic;ME;
2;ME-13;Plav;ME;
2;ME-14;Pljevlja;ME;
2;ME-15;Pluzine;ME;
2;ME-16;Podgorica;ME;
2;ME-17;Rozaje;ME;
2;ME-19;Tivat;ME;
2;ME-20;Ulcinj;ME;
2;ME-21;Zabljak;ME;
2;MG-T;Antananarivo;MG;
2;MG-D;Antsiranana;MG;
2;MG-F;Fianarantsoa;MG;
2;MG-M;Mahajanga;MG;
2;MG-A;Toamasina;MG;
2;MG-U;Toliara;MG;
2;MH-KWA;Kwajalein;MH;
2;MH-MAJ;Majuro;MH;
2;MK-03;Berovo;MK;
2;MK-04;Bitola;MK;
2;MK-05;Bogdanci;MK;
2;MK-06;Bogovinje;MK;
2;MK-07;Bosilovo;MK;
2;MK-08;Brvenica;MK;
2;MK-78;Centar Zupa;MK;
2;MK-81;Cesinovo-Oblesevo;MK;
2;MK-21;Debar;MK;
2;MK-22;Debarca;MK;
2;MK-23;Delcevo;MK;
2;MK-25;Demir Hisar;MK;
2;MK-24;Demir Kapija;MK;
2;MK-26;Dojran;MK;
2;MK-27;Dolneni;MK;
2;MK-18;Gevgelija;MK;
2;MK-19;Gostivar;MK;
2;MK-34;Ilinden;MK;
2;MK-35;Jegunovce;MK;
2;MK-37;Karbinci;MK;
2;MK-36;Kavadarci;MK;
2;MK-40;Kicevo;MK;
2;MK-42;Kocani;MK;
2;MK-43;Kratovo;MK;
2;MK-44;Kriva Palanka;MK;
2;MK-46;Krusevo;MK;
2;MK-47;Kumanovo;MK;
2;MK-48;Lipkovo;MK;
2;MK-51;Makedonska Kamenica;MK;
2;MK-52;Makedonski Brod;MK;
2;MK-50;Mavrovo i Rostusa;MK;
2;MK-54;Negotino;MK;
2;MK-56;Novo Selo;MK;
2;MK-58;Ohrid;MK;
2;MK-60;Pehcevo;MK;
2;MK-59;Petrovec;MK;
2;MK-61;Plasnica;MK;
2;MK-62;Prilep;MK;
2;MK-63;Probistip;MK;
2;MK-64;Radovis;MK;
2;MK-65;Rankovce;MK;
2;MK-66;Resen;MK;
2;MK-67;Rosoman;MK;
2;MK-85;Skopje;MK;
2;MK-70;Sopiste;MK;
2;MK-83;Stip;MK;
2;MK-72;Struga;MK;
2;MK-73;Strumica;MK;
2;MK-74;Studenicani;MK;
2;MK-69;Sveti Nikole;MK;
2;MK-75;Tearce;MK;
2;MK-76;Tetovo;MK;
2;MK-10;Valandovo;MK;
2;MK-11;Vasilevo;MK;
2;MK-13;Veles;MK;
2;MK-14;Vinica;MK;
2;MK-16;Vrapciste;MK;
2;MK-32;Zelenikovo;MK;
2;MK-30;Zelino;MK;
2;ML-BKO;Bamako;ML;
2;ML-7;Gao;ML;
2;ML-1;Kayes;ML;
2;ML-8;Kidal;ML;
2;ML-2;Koulikoro;ML;
2;ML-5;Mopti;ML;
2;ML-4;Segou;ML;
2;ML-3;Sikasso;ML;
2;ML-6;Tombouctou;ML;
2;MM-07;Ayeyarwady;MM;
2;MM-02;Bago;MM;
2;MM-11;Kachin;MM;
2;MM-03;Magway;MM;
2;MM-04;Mandalay;MM;
2;MM-15;Mon;MM;
2;MM-18;Nay Pyi Taw;MM;
2;MM-17;Shan;MM;
2;MM-05;Tanintharyi;MM;
2;MM-06;Yangon;MM;
2;MN-071;Bayan-Olgiy;MN;
2;MN-067;Bulgan;MN;
2;MN-037;Darhan uul;MN;
2;MN-063;Dornogovi;MN;
2;MN-065;Govi-Altay;MN;
2;MN-043;Hovd;MN;
2;MN-053;Omnogovi;MN;
2;MN-035;Orhon;MN;
2;MN-055;Ovorhangay;MN;
2;MN-049;Selenge;MN;
2;MN-047;Tov;MN;
2;MN-1;Ulaanbaatar;MN;
2;MR-08;Dakhlet Nouadhibou;MR;
2;MR-10;Guidimaka;MR;
2;MR-14;Nouakchott Nord;MR;
2;MR-11;Tiris Zemmour;MR;
2;MR-06;Trarza;MR;
2;MT-01;Attard;MT;
2;MT-02;Balzan;MT;
2;MT-03;Birgu;MT;
2;MT-04;Birkirkara;MT;
2;MT-05;Birzebbuga;MT;
2;MT-06;Bormla;MT;
2;MT-07;Dingli;MT;
2;MT-08;Fgura;MT;
2;MT-09;Floriana;MT;
2;MT-10;Fontana;MT;
2;MT-13;Ghajnsielem;MT;
2;MT-14;Gharb;MT;
2;MT-15;Gharghur;MT;
2;MT-17;Ghaxaq;MT;
2;MT-11;Gudja;MT;
2;MT-12;Gzira;MT;
2;MT-18;Hamrun;MT;
2;MT-19;Iklin;MT;
2;MT-20;Isla;MT;
2;MT-21;Kalkara;MT;
2;MT-22;Kercem;MT;
2;MT-23;Kirkop;MT;
2;MT-24;Lija;MT;
2;MT-25;Luqa;MT;
2;MT-26;Marsa;MT;
2;MT-27;Marsaskala;MT;
2;MT-28;Marsaxlokk;MT;
2;MT-29;Mdina;MT;
2;MT-30;Mellieha;MT;
2;MT-31;Mgarr;MT;
2;MT-32;Mosta;MT;
2;MT-33;Mqabba;MT;
2;MT-34;Msida;MT;
2;MT-35;Mtarfa;MT;
2;MT-36;Munxar;MT;
2;MT-37;Nadur;MT;
2;MT-38;Naxxar;MT;
2;MT-39;Paola;MT;
2;MT-40;Pembroke;MT;
2;MT-41;Pieta;MT;
2;MT-42;Qala;MT;
2;MT-43;Qormi;MT;
2;MT-44;Qrendi;MT;
2;MT-45;Rabat Gozo;MT;
2;MT-46;Rabat Malta;MT;
2;MT-47;Safi;MT;
2;MT-49;Saint John;MT;
2;MT-48;Saint Julian's;MT;
2;MT-53;Saint Lucia's;MT;
2;MT-51;Saint Paul's Bay;MT;
2;MT-52;Sannat;MT;
2;MT-54;Santa Venera;MT;
2;MT-55;Siggiewi;MT;
2;MT-56;Sliema;MT;
2;MT-57;Swieqi;MT;
2;MT-58;Ta' Xbiex;MT;
2;MT-59;Tarxien;MT;
2;MT-60;Valletta;MT;
2;MT-61;Xaghra;MT;
2;MT-62;Xewkija;MT;
2;MT-63;Xghajra;MT;
2;MT-64;Zabbar;MT;
2;MT-65;Zebbug Gozo;MT;
2;MT-67;Zejtun;MT;
2;MT-68;Zurrieq;MT;
2;MU-BL;Black River;MU;
2;MU-FL;Flacq;MU;
2;MU-GP;Grand Port;MU;
2;MU-MO;Moka;MU;
2;MU-PA;Pamplemousses;MU;
2;MU-PW;Plaines Wilhems;MU;
2;MU-PL;Port Louis;MU;
2;MU-RR;Riviere du Rempart;MU;
2;MU-RO;Rodrigues Islands;MU;
2;MU-SA;Savanne;MU;
2;MV-02;Alifu Alifu;MV;
2;MV-20;Baa;MV;
2;MV-28;Gaafu Dhaalu;MV;
2;MV-23;Haa Dhaalu;MV;
2;MV-26;Kaafu;MV;
2;MV-05;Laamu;MV;
2;MV-MLE;Maale;MV;
2;MV-12;Meemu;MV;
2;MV-25;Noonu;MV;
2;MV-13;Raa;MV;
2;MV-01;Seenu;MV;
2;MV-04;Vaavu;MV;
2;MW-BA;Balaka;MW;
2;MW-BL;Blantyre;MW;
2;MW-DO;Dowa;MW;
2;MW-LI;Lilongwe;MW;
2;MW-MH;Machinga;MW;
2;MW-MG;Mangochi;MW;
2;MW-MZ;Mzimba;MW;
2;MW-NI;Ntchisi;MW;
2;MW-SA;Salima;MW;
2;MW-ZO;Zomba;MW;
2;MX-AGU;Aguascalientes;MX;
2;MX-BCN;Baja California;MX;
2;MX-BCS;Baja California Sur;MX;
2;MX-CAM;Campeche;MX;
2;MX-CHP;Chiapas;MX;
2;MX-CHH;Chihuahua;MX;
2;MX-CMX;Ciudad de Mexico;MX;
2;MX-COA;Coahuila de Zaragoza;MX;
2;MX-COL;Colima;MX;
2;MX-DUR;Durango;MX;
2;MX-GUA;Guanajuato;MX;
2;MX-GRO;Guerrero;MX;
2;MX-HID;Hidalgo;MX;
2;MX-JAL;Jalisco;MX;
2;MX-MEX;Mexico;MX;
2;MX-MIC;Michoacan de Ocampo;MX;
2;MX-MOR;Morelos;MX;
2;MX-NAY;Nayarit;MX;
2;MX-NLE;Nuevo Leon;MX;
2;MX-OAX;Oaxaca;MX;
2;MX-PUE;Puebla;MX;
2;MX-QUE;Queretaro;MX;
2;MX-ROO;Quintana Roo;MX;
2;MX-SLP;San Luis Potosi;MX;
2;MX-SIN;Sinaloa;MX;
2;MX-SON;Sonora;MX;
2;MX-TAB;Tabasco;MX;
2;MX-TAM;Tamaulipas;MX;
2;MX-TLA;Tlaxcala;MX;
2;MX-VER;Veracruz de Ignacio de la Llave;MX;
2;MX-YUC;Yucatan;MX;
2;MX-ZAC;Zacatecas;MX;
2;MY-01;Johor;MY;
2;MY-02;Kedah;MY;
2;MY-03;Kelantan;MY;
2;MY-04;Melaka;MY;
2;MY-05;Negeri Sembilan;MY;
2;MY-06;Pahang;MY;
2;MY-08;Perak;MY;
2;MY-09;Perlis;MY;
2;MY-07;Pulau Pinang;MY;
2;MY-12;Sabah;MY;
2;MY-13;Sarawak;MY;
2;MY-10;Selangor;MY;
2;MY-11;Terengganu;MY;
2;MY-14;Wilayah Persekutuan Kuala Lumpur;MY;
2;MY-15;Wilayah Persekutuan Labuan;MY;
2;MY-16;Wilayah Persekutuan Putrajaya;MY;
2;MZ-P;Cabo Delgado;MZ;
2;MZ-G;Gaza;MZ;
2;MZ-I;Inhambane;MZ;
2;MZ-B;Manica;MZ;
2;MZ-L;Maputo;MZ;
2;MZ-N;Nampula;MZ;
2;MZ-A;Niassa;MZ;
2;MZ-S;Sofala;MZ;
2;MZ-T;Tete;MZ;
2;MZ-Q;Zambezia;MZ;
2;NA-ER;Erongo;NA;
2;NA-HA;Hardap;NA;
2;NA-KA;Karas;NA;
2;NA-KE;Kavango East;NA;
2;NA-KH;Khomas;NA;
2;NA-KU;Kunene;NA;
2;NA-OW;Ohangwena;NA;
2;NA-OH;Omaheke;NA;
2;NA-OS;Omusati;NA;
2;NA-ON;Oshana;NA;
2;NA-OT;Oshikoto;NA;
2;NA-OD;Otjozondjupa;NA;
2;NA-CA;Zambezi;NA;
2;NE-1;Agadez;NE;
2;NE-2;Diffa;NE;
2;NE-3;Dosso;NE;
2;NE-4;Maradi;NE;
2;NE-8;Niamey;NE;
2;NE-5;Tahoua;NE;
2;NE-7;Zinder;NE;
2;NG-AB;Abia;NG;
2;NG-FC;Abuja Federal Capital Territory;NG;
2;NG-AD;Adamawa;NG;
2;NG-AK;Akwa Ibom;NG;
2;NG-AN;Anambra;NG;
2;NG-BA;Bauchi;NG;
2;NG-BY;Bayelsa;NG;
2;NG-BE;Benue;NG;
2;NG-BO;Borno;NG;
2;NG-CR;Cross River;NG;
2;NG-DE;Delta;NG;
2;NG-EB;Ebonyi;NG;
2;NG-ED;Edo;NG;
2;NG-EK;Ekiti;NG;
2;NG-EN;Enugu;NG;
2;NG-GO;Gombe;NG;
2;NG-IM;Imo;NG;
2;NG-JI;Jigawa;NG;
2;NG-KD;Kaduna;NG;
2;NG-KN;Kano;NG;
2;NG-KT;Katsina;NG;
2;NG-KE;Kebbi;NG;
2;NG-KO;Kogi;NG;
2;NG-KW;Kwara;NG;
2;NG-LA;Lagos;NG;
2;NG-NA;Nasarawa;NG;
2;NG-NI;Niger;NG;
2;NG-OG;Ogun;NG;
2;NG-ON;Ondo;NG;
2;NG-OS;Osun;NG;
2;NG-OY;Oyo;NG;
2;NG-PL;Plateau;NG;
2;NG-RI;Rivers;NG;
2;NG-SO;Sokoto;NG;
2;NG-TA;Taraba;NG;
2;NG-YO;Yobe;NG;
2;NG-ZA;Zamfara;NG;
2;NI-BO;Boaco;NI;
2;NI-CA;Carazo;NI;
2;NI-CI;Chinandega;NI;
2;NI-CO;Chontales;NI;
2;NI-AS;Costa Caribe Sur;NI;
2;NI-ES;Esteli;NI;
2;NI-GR;Granada;NI;
2;NI-JI;Jinotega;NI;
2;NI-LE;Leon;NI;
2;NI-MD;Madriz;NI;
2;NI-MN;Managua;NI;
2;NI-MS;Masaya;NI;
2;NI-MT;Matagalpa;NI;
2;NI-NS;Nueva Segovia;NI;
2;NI-SJ;Rio San Juan;NI;
2;NI-RI;Rivas;NI;
2;NL-DR;Drenthe;NL;
2;NL-FL;Flevoland;NL;
2;NL-FR;Fryslan;NL;
2;NL-GE;Gelderland;NL;
2;NL-GR;Groningen;NL;
2;NL-LI;Limburg;NL;
2;NL-NB;Noord-Brabant;NL;
2;NL-NH;Noord-Holland;NL;
2;NL-OV;Overijssel;NL;
2;NL-UT;Utrecht;NL;
2;NL-ZE;Zeeland;NL;
2;NL-ZH;Zuid-Holland;NL;
2;NO-02;Akershus;NO;
2;NO-09;Aust-Agder;NO;
2;NO-06;Buskerud;NO;
2;NO-20;Finnmark;NO;
2;NO-04;Hedmark;NO;
2;NO-12;Hordaland;NO;
2;NO-15;More og Romsdal;NO;
2;NO-17;Nord-Trondelag;NO;
2;NO-18;Nordland;NO;
2;NO-05;Oppland;NO;
2;NO-03;Oslo;NO;
2;NO-01;Ostfold;NO;
2;NO-11;Rogaland;NO;
2;NO-14;Sogn og Fjordane;NO;
2;NO-16;Sor-Trondelag;NO;
2;NO-08;Telemark;NO;
2;NO-19;Troms;NO;
2;NO-10;Vest-Agder;NO;
2;NO-07;Vestfold;NO;
2;NP-BA;Bagmati;NP;
2;NP-BH;Bheri;NP;
2;NP-DH;Dhawalagiri;NP;
2;NP-GA;Gandaki;NP;
2;NP-JA;Janakpur;NP;
2;NP-KO;Kosi;NP;
2;NP-LU;Lumbini;NP;
2;NP-MA;Mahakali;NP;
2;NP-ME;Mechi;NP;
2;NP-NA;Narayani;NP;
2;NP-RA;Rapti;NP;
2;NP-SA;Sagarmatha;NP;
2;NP-SE;Seti;NP;
2;NR-14;Yaren;NR;
2;NZ-AUK;Auckland;NZ;
2;NZ-BOP;Bay of Plenty;NZ;
2;NZ-CAN;Canterbury;NZ;
2;NZ-CIT;Chatham Islands Territory;NZ;
2;NZ-GIS;Gisborne;NZ;
2;NZ-HKB;Hawke's Bay;NZ;
2;NZ-MWT;Manawatu-Wanganui;NZ;
2;NZ-MBH;Marlborough;NZ;
2;NZ-NSN;Nelson;NZ;
2;NZ-NTL;Northland;NZ;
2;NZ-OTA;Otago;NZ;
2;NZ-STL;Southland;NZ;
2;NZ-TKI;Taranaki;NZ;
2;NZ-TAS;Tasman;NZ;
2;NZ-WKO;Waikato;NZ;
2;NZ-WGN;Wellington;NZ;
2;NZ-WTC;West Coast;NZ;
2;OM-DA;Ad Dakhiliyah;OM;
2;OM-BU;Al Buraymi;OM;
2;OM-WU;Al Wusta;OM;
2;OM-ZA;Az Zahirah;OM;
2;OM-BJ;Janub al Batinah;OM;
2;OM-SJ;Janub ash Sharqiyah;OM;
2;OM-MA;Masqat;OM;
2;OM-MU;Musandam;OM;
2;OM-BS;Shamal al Batinah;OM;
2;OM-SS;Shamal ash Sharqiyah;OM;
2;OM-ZU;Zufar;OM;
2;PA-1;Bocas del Toro;PA;
2;PA-4;Chiriqui;PA;
2;PA-2;Cocle;PA;
2;PA-3;Colon;PA;
2;PA-5;Darien;PA;
2;PA-6;Herrera;PA;
2;PA-7;Los Santos;PA;
2;PA-NB;Ngobe-Bugle;PA;
2;PA-8;Panama;PA;
2;PA-9;Veraguas;PA;
2;PE-AMA;Amazonas;PE;
2;PE-ANC;Ancash;PE;
2;PE-APU;Apurimac;PE;
2;PE-ARE;Arequipa;PE;
2;PE-AYA;Ayacucho;PE;
2;PE-CAJ;Cajamarca;PE;
2;PE-CUS;Cusco;PE;
2;PE-CAL;El Callao;PE;
2;PE-HUV;Huancavelica;PE;
2;PE-HUC;Huanuco;PE;
2;PE-ICA;Ica;PE;
2;PE-JUN;Junin;PE;
2;PE-LAL;La Libertad;PE;
2;PE-LAM;Lambayeque;PE;
2;PE-LIM;Lima;PE;
2;PE-LOR;Loreto;PE;
2;PE-MDD;Madre de Dios;PE;
2;PE-MOQ;Moquegua;PE;
2;PE-PAS;Pasco;PE;
2;PE-PIU;Piura;PE;
2;PE-PUN;Puno;PE;
2;PE-SAM;San Martin;PE;
2;PE-TAC;Tacna;PE;
2;PE-TUM;Tumbes;PE;
2;PE-UCA;Ucayali;PE;
2;PG-CPM;Central;PG;
2;PG-EBR;East New Britain;PG;
2;PG-EHG;Eastern Highlands;PG;
2;PG-MPM;Madang;PG;
2;PG-MRL;Manus;PG;
2;PG-MPL;Morobe;PG;
2;PG-NCD;National Capital District (Port Moresby);PG;
2;PG-NIK;New Ireland;PG;
2;PG-SHM;Southern Highlands;PG;
2;PG-SAN;West Sepik;PG;
2;PG-WHM;Western Highlands;PG;
2;PH-ABR;Abra;PH;
2;PH-AGN;Agusan del Norte;PH;
2;PH-AGS;Agusan del Sur;PH;
2;PH-AKL;Aklan;PH;
2;PH-ALB;Albay;PH;
2;PH-ANT;Antique;PH;
2;PH-AUR;Aurora;PH;
2;PH-BAS;Basilan;PH;
2;PH-BAN;Bataan;PH;
2;PH-BTN;Batanes;PH;
2;PH-BTG;Batangas;PH;
2;PH-BEN;Benguet;PH;
2;PH-BIL;Biliran;PH;
2;PH-BOH;Bohol;PH;
2;PH-BUK;Bukidnon;PH;
2;PH-BUL;Bulacan;PH;
2;PH-CAG;Cagayan;PH;
2;PH-CAN;Camarines Norte;PH;
2;PH-CAS;Camarines Sur;PH;
2;PH-CAM;Camiguin;PH;
2;PH-CAP;Capiz;PH;
2;PH-CAT;Catanduanes;PH;
2;PH-CAV;Cavite;PH;
2;PH-CEB;Cebu;PH;
2;PH-COM;Compostela Valley;PH;
2;PH-NCO;Cotabato;PH;
2;PH-DAO;Davao Oriental;PH;
2;PH-DAV;Davao del Norte;PH;
2;PH-DAS;Davao del Sur;PH;
2;PH-DIN;Dinagat Islands;PH;
2;PH-EAS;Eastern Samar;PH;
2;PH-GUI;Guimaras;PH;
2;PH-IFU;Ifugao;PH;
2;PH-ILN;Ilocos Norte;PH;
2;PH-ILS;Ilocos Sur;PH;
2;PH-ILI;Iloilo;PH;
2;PH-ISA;Isabela;PH;
2;PH-LUN;La Union;PH;
2;PH-LAG;Laguna;PH;
2;PH-LAN;Lanao del Norte;PH;
2;PH-LAS;Lanao del Sur;PH;
2;PH-LEY;Leyte;PH;
2;PH-MAG;Maguindanao;PH;
2;PH-MAD;Marinduque;PH;
2;PH-MAS;Masbate;PH;
2;PH-MDC;Mindoro Occidental;PH;
2;PH-MDR;Mindoro Oriental;PH;
2;PH-MSC;Misamis Occidental;PH;
2;PH-MSR;Misamis Oriental;PH;
2;PH-MOU;Mountain Province;PH;
2;PH-00;National Capital Region;PH;
2;PH-NEC;Negros Occidental;PH;
2;PH-NER;Negros Oriental;PH;
2;PH-NSA;Northern Samar;PH;
2;PH-NUE;Nueva Ecija;PH;
2;PH-NUV;Nueva Vizcaya;PH;
2;PH-PLW;Palawan;PH;
2;PH-PAM;Pampanga;PH;
2;PH-PAN;Pangasinan;PH;
2;PH-QUE;Quezon;PH;
2;PH-QUI;Quirino;PH;
2;PH-RIZ;Rizal;PH;
2;PH-ROM;Romblon;PH;
2;PH-WSA;Samar;PH;
2;PH-SAR;Sarangani;PH;
2;PH-SIG;Siquijor;PH;
2;PH-SOR;Sorsogon;PH;
2;PH-SCO;South Cotabato;PH;
2;PH-SLE;Southern Leyte;PH;
2;PH-SUK;Sultan Kudarat;PH;
2;PH-SLU;Sulu;PH;
2;PH-SUN;Surigao del Norte;PH;
2;PH-SUR;Surigao del Sur;PH;
2;PH-TAR;Tarlac;PH;
2;PH-TAW;Tawi-Tawi;PH;
2;PH-ZMB;Zambales;PH;
2;PH-ZSI;Zamboanga Sibugay;PH;
2;PH-ZAN;Zamboanga del Norte;PH;
2;PH-ZAS;Zamboanga del Sur;PH;
2;PK-JK;Azad Jammu and Kashmir;PK;
2;PK-BA;Balochistan;PK;
2;PK-TA;Federally Administered Tribal Areas;PK;
2;PK-GB;Gilgit-Baltistan;PK;
2;PK-IS;Islamabad;PK;
2;PK-KP;Khyber Pakhtunkhwa;PK;
2;PK-PB;Punjab;PK;
2;PK-SD;Sindh;PK;
2;PL-DS;Dolnoslaskie;PL;
2;PL-KP;Kujawsko-pomorskie;PL;
2;PL-LD;Lodzkie;PL;
2;PL-LU;Lubelskie;PL;
2;PL-LB;Lubuskie;PL;
2;PL-MA;Malopolskie;PL;
2;PL-MZ;Mazowieckie;PL;
2;PL-OP;Opolskie;PL;
2;PL-PK;Podkarpackie;PL;
2;PL-PD;Podlaskie;PL;
2;PL-PM;Pomorskie;PL;
2;PL-SL;Slaskie;PL;
2;PL-SK;Swietokrzyskie;PL;
2;PL-WN;Warminsko-mazurskie;PL;
2;PL-WP;Wielkopolskie;PL;
2;PL-ZP;Zachodniopomorskie;PL;
2;PS-BTH;Bethlehem;PS;
2;PS-GZA;Gaza;PS;
2;PS-HBN;Hebron;PS;
2;PS-JEN;Jenin;PS;
2;PS-JRH;Jericho and Al Aghwar;PS;
2;PS-JEM;Jerusalem;PS;
2;PS-NBS;Nablus;PS;
2;PS-QQA;Qalqilya;PS;
2;PS-RBH;Ramallah;PS;
2;PS-SLT;Salfit;PS;
2;PS-TBS;Tubas;PS;
2;PS-TKM;Tulkarm;PS;
2;PT-01;Aveiro;PT;
2;PT-02;Beja;PT;
2;PT-03;Braga;PT;
2;PT-04;Braganca;PT;
2;PT-05;Castelo Branco;PT;
2;PT-06;Coimbra;PT;
2;PT-07;Evora;PT;
2;PT-08;Faro;PT;
2;PT-09;Guarda;PT;
2;PT-10;Leiria;PT;
2;PT-11;Lisboa;PT;
2;PT-12;Portalegre;PT;
2;PT-13;Porto;PT;
2;PT-30;Regiao Autonoma da Madeira;PT;
2;PT-20;Regiao Autonoma dos Acores;PT;
2;PT-14;Santarem;PT;
2;PT-15;Setubal;PT;
2;PT-16;Viana do Castelo;PT;
2;PT-17;Vila Real;PT;
2;PT-18;Viseu;PT;
2;PW-004;Airai;PW;
2;PW-150;Koror;PW;
2;PW-212;Melekeok;PW;
2;PY-16;Alto Paraguay;PY;
2;PY-10;Alto Parana;PY;
2;PY-13;Amambay;PY;
2;PY-ASU;Asuncion;PY;
2;PY-19;Boqueron;PY;
2;PY-5;Caaguazu;PY;
2;PY-6;Caazapa;PY;
2;PY-14;Canindeyu;PY;
2;PY-11;Central;PY;
2;PY-1;Concepcion;PY;
2;PY-3;Cordillera;PY;
2;PY-4;Guaira;PY;
2;PY-7;Itapua;PY;
2;PY-8;Misiones;PY;
2;PY-12;Neembucu;PY;
2;PY-9;Paraguari;PY;
2;PY-15;Presidente Hayes;PY;
2;PY-2;San Pedro;PY;
2;QA-DA;Ad Dawhah;QA;
2;QA-KH;Al Khawr wa adh Dhakhirah;QA;
2;QA-WA;Al Wakrah;QA;
2;QA-RA;Ar Rayyan;QA;
2;QA-MS;Ash Shamal;QA;
2;QA-ZA;Az Za'ayin;QA;
2;QA-US;Umm Salal;QA;
2;RO-AB;Alba;RO;
2;RO-AR;Arad;RO;
2;RO-AG;Arges;RO;
2;RO-BC;Bacau;RO;
2;RO-BH;Bihor;RO;
2;RO-BN;Bistrita-Nasaud;RO;
2;RO-BT;Botosani;RO;
2;RO-BR;Braila;RO;
2;RO-BV;Brasov;RO;
2;RO-B;Bucuresti;RO;
2;RO-BZ;Buzau;RO;
2;RO-CL;Calarasi;RO;
2;RO-CS;Caras-Severin;RO;
2;RO-CJ;Cluj;RO;
2;RO-CT;Constanta;RO;
2;RO-CV;Covasna;RO;
2;RO-DB;Dambovita;RO;
2;RO-DJ;Dolj;RO;
2;RO-GL;Galati;RO;
2;RO-GR;Giurgiu;RO;
2;RO-GJ;Gorj;RO;
2;RO-HR;Harghita;RO;
2;RO-HD;Hunedoara;RO;
2;RO-IL;Ialomita;RO;
2;RO-IS;Iasi;RO;
2;RO-IF;Ilfov;RO;
2;RO-MM;Maramures;RO;
2;RO-MH;Mehedinti;RO;
2;RO-MS;Mures;RO;
2;RO-NT;Neamt;RO;
2;RO-OT;Olt;RO;
2;RO-PH;Prahova;RO;
2;RO-SJ;Salaj;RO;
2;RO-SM;Satu Mare;RO;
2;RO-SB;Sibiu;RO;
2;RO-SV;Suceava;RO;
2;RO-TR;Teleorman;RO;
2;RO-TM;Timis;RO;
2;RO-TL;Tulcea;RO;
2;RO-VL;Valcea;RO;
2;RO-VS;Vaslui;RO;
2;RO-VN;Vrancea;RO;
2;RS-00;Beograd;RS;
2;RS-14;Borski okrug;RS;
2;RS-11;Branicevski okrug;RS;
2;RS-23;Jablanicki okrug;RS;
2;RS-06;Juznobacki okrug;RS;
2;RS-04;Juznobanatski okrug;RS;
2;RS-09;Kolubarski okrug;RS;
2;RS-28;Kosovsko-Mitrovacki okrug;RS;
2;RS-08;Macvanski okrug;RS;
2;RS-17;Moravicki okrug;RS;
2;RS-20;Nisavski okrug;RS;
2;RS-24;Pcinjski okrug;RS;
2;RS-22;Pirotski okrug;RS;
2;RS-10;Podunavski okrug;RS;
2;RS-13;Pomoravski okrug;RS;
2;RS-27;Prizrenski okrug;RS;
2;RS-19;Rasinski okrug;RS;
2;RS-18;Raski okrug;RS;
2;RS-01;Severnobacki okrug;RS;
2;RS-03;Severnobanatski okrug;RS;
2;RS-02;Srednjebanatski okrug;RS;
2;RS-07;Sremski okrug;RS;
2;RS-12;Sumadijski okrug;RS;
2;RS-21;Toplicki okrug;RS;
2;RS-15;Zajecarski okrug;RS;
2;RS-05;Zapadnobacki okrug;RS;
2;RS-16;Zlatiborski okrug;RS;
2;RU-AD;Adygeya, Respublika;RU;
2;RU-AL;Altay, Respublika;RU;
2;RU-ALT;Altayskiy kray;RU;
2;RU-AMU;Amurskaya oblast';RU;
2;RU-ARK;Arkhangel'skaya oblast';RU;
2;RU-AST;Astrakhanskaya oblast';RU;
2;RU-BA;Bashkortostan, Respublika;RU;
2;RU-BEL;Belgorodskaya oblast';RU;
2;RU-BRY;Bryanskaya oblast';RU;
2;RU-BU;Buryatiya, Respublika;RU;
2;RU-CE;Chechenskaya Respublika;RU;
2;RU-CHE;Chelyabinskaya oblast';RU;
2;RU-CHU;Chukotskiy avtonomnyy okrug;RU;
2;RU-CU;Chuvashskaya Respublika;RU;
2;RU-DA;Dagestan, Respublika;RU;
2;RU-IN;Ingushetiya, Respublika;RU;
2;RU-IRK;Irkutskaya oblast';RU;
2;RU-IVA;Ivanovskaya oblast';RU;
2;RU-KB;Kabardino-Balkarskaya Respublika;RU;
2;RU-KGD;Kaliningradskaya oblast';RU;
2;RU-KL;Kalmykiya, Respublika;RU;
2;RU-KLU;Kaluzhskaya oblast';RU;
2;RU-KAM;Kamchatskiy kray;RU;
2;RU-KC;Karachayevo-Cherkesskaya Respublika;RU;
2;RU-KR;Kareliya, Respublika;RU;
2;RU-KEM;Kemerovskaya oblast';RU;
2;RU-KHA;Khabarovskiy kray;RU;
2;RU-KK;Khakasiya, Respublika;RU;
2;RU-KHM;Khanty-Mansiyskiy avtonomnyy okrug;RU;
2;RU-KIR;Kirovskaya oblast';RU;
2;RU-KO;Komi, Respublika;RU;
2;RU-KOS;Kostromskaya oblast';RU;
2;RU-KDA;Krasnodarskiy kray;RU;
2;RU-KYA;Krasnoyarskiy kray;RU;
2;RU-KGN;Kurganskaya oblast';RU;
2;RU-KRS;Kurskaya oblast';RU;
2;RU-LEN;Leningradskaya oblast';RU;
2;RU-LIP;Lipetskaya oblast';RU;
2;RU-MAG;Magadanskaya oblast';RU;
2;RU-ME;Mariy El, Respublika;RU;
2;RU-MO;Mordoviya, Respublika;RU;
2;RU-MOS;Moskovskaya oblast';RU;
2;RU-MOW;Moskva;RU;
2;RU-MUR;Murmanskaya oblast';RU;
2;RU-NEN;Nenetskiy avtonomnyy okrug;RU;
2;RU-NIZ;Nizhegorodskaya oblast';RU;
2;RU-NGR;Novgorodskaya oblast';RU;
2;RU-NVS;Novosibirskaya oblast';RU;
2;RU-OMS;Omskaya oblast';RU;
2;RU-ORE;Orenburgskaya oblast';RU;
2;RU-ORL;Orlovskaya oblast';RU;
2;RU-PNZ;Penzenskaya oblast';RU;
2;RU-PER;Permskiy kray;RU;
2;RU-PRI;Primorskiy kray;RU;
2;RU-PSK;Pskovskaya oblast';RU;
2;RU-ROS;Rostovskaya oblast';RU;
2;RU-RYA;Ryazanskaya oblast';RU;
2;RU-SA;Saha, Respublika;RU;
2;RU-SAK;Sakhalinskaya oblast';RU;
2;RU-SAM;Samarskaya oblast';RU;
2;RU-SPE;Sankt-Peterburg;RU;
2;RU-SAR;Saratovskaya oblast';RU;
2;RU-SE;Severnaya Osetiya, Respublika;RU;
2;RU-SMO;Smolenskaya oblast';RU;
2;RU-STA;Stavropol'skiy kray;RU;
2;RU-SVE;Sverdlovskaya oblast';RU;
2;RU-TAM;Tambovskaya oblast';RU;
2;RU-TA;Tatarstan, Respublika;RU;
2;RU-TOM;Tomskaya oblast';RU;
2;RU-TUL;Tul'skaya oblast';RU;
2;RU-TVE;Tverskaya oblast';RU;
2;RU-TYU;Tyumenskaya oblast';RU;
2;RU-TY;Tyva, Respublika;RU;
2;RU-UD;Udmurtskaya Respublika;RU;
2;RU-ULY;Ul'yanovskaya oblast';RU;
2;RU-VLA;Vladimirskaya oblast';RU;
2;RU-VGG;Volgogradskaya oblast';RU;
2;RU-VLG;Vologodskaya oblast';RU;
2;RU-VOR;Voronezhskaya oblast';RU;
2;RU-YAN;Yamalo-Nenetskiy avtonomnyy okrug;RU;
2;RU-YAR;Yaroslavskaya oblast';RU;
2;RU-YEV;Yevreyskaya avtonomnaya oblast';RU;
2;RU-ZAB;Zabaykal'skiy kray;RU;
2;RW-02;Est;RW;
2;RW-03;Nord;RW;
2;RW-04;Ouest;RW;
2;RW-05;Sud;RW;
2;RW-01;Ville de Kigali;RW;
2;SA-14;'Asir;SA;
2;SA-11;Al Bahah;SA;
2;SA-08;Al Hudud ash Shamaliyah;SA;
2;SA-12;Al Jawf;SA;
2;SA-03;Al Madinah al Munawwarah;SA;
2;SA-05;Al Qasim;SA;
2;SA-01;Ar Riyad;SA;
2;SA-04;Ash Sharqiyah;SA;
2;SA-06;Ha'il;SA;
2;SA-09;Jazan;SA;
2;SA-02;Makkah al Mukarramah;SA;
2;SA-10;Najran;SA;
2;SA-07;Tabuk;SA;
2;SB-GU;Guadalcanal;SB;
2;SB-WE;Western;SB;
2;SC-02;Anse Boileau;SC;
2;SC-01;Anse aux Pins;SC;
2;SC-06;Baie Lazare;SC;
2;SC-08;Beau Vallon;SC;
2;SC-10;Bel Ombre;SC;
2;SC-11;Cascade;SC;
2;SC-16;English River;SC;
2;SC-13;Grand Anse Mahe;SC;
2;SC-15;La Digue;SC;
2;SC-23;Takamaka;SC;
2;SD-NB;Blue Nile;SD;
2;SD-GD;Gedaref;SD;
2;SD-GZ;Gezira;SD;
2;SD-KA;Kassala;SD;
2;SD-KH;Khartoum;SD;
2;SD-DN;North Darfur;SD;
2;SD-KN;North Kordofan;SD;
2;SD-NO;Northern;SD;
2;SD-RS;Red Sea;SD;
2;SD-NR;River Nile;SD;
2;SD-SI;Sennar;SD;
2;SD-DS;South Darfur;SD;
2;SD-KS;South Kordofan;SD;
2;SD-DW;West Darfur;SD;
2;SD-NW;White Nile;SD;
2;SE-K;Blekinge lan;SE;
2;SE-W;Dalarnas lan;SE;
2;SE-X;Gavleborgs lan;SE;
2;SE-I;Gotlands lan;SE;
2;SE-N;Hallands lan;SE;
2;SE-Z;Jamtlands lan;SE;
2;SE-F;Jonkopings lan;SE;
2;SE-H;Kalmar lan;SE;
2;SE-G;Kronobergs lan;SE;
2;SE-BD;Norrbottens lan;SE;
2;SE-T;Orebro lan;SE;
2;SE-E;Ostergotlands lan;SE;
2;SE-M;Skane lan;SE;
2;SE-D;Sodermanlands lan;SE;
2;SE-AB;Stockholms lan;SE;
2;SE-C;Uppsala lan;SE;
2;SE-S;Varmlands lan;SE;
2;SE-AC;Vasterbottens lan;SE;
2;SE-Y;Vasternorrlands lan;SE;
2;SE-U;Vastmanlands lan;SE;
2;SE-O;Vastra Gotalands lan;SE;
2;SH-HL;Saint Helena;SH;
2;SI-001;Ajdovscina;SI;
2;SI-195;Apace;SI;
2;SI-002;Beltinci;SI;
2;SI-148;Benedikt;SI;
2;SI-149;Bistrica ob Sotli;SI;
2;SI-003;Bled;SI;
2;SI-150;Bloke;SI;
2;SI-004;Bohinj;SI;
2;SI-005;Borovnica;SI;
2;SI-006;Bovec;SI;
2;SI-151;Braslovce;SI;
2;SI-007;Brda;SI;
2;SI-009;Brezice;SI;
2;SI-008;Brezovica;SI;
2;SI-152;Cankova;SI;
2;SI-011;Celje;SI;
2;SI-012;Cerklje na Gorenjskem;SI;
2;SI-013;Cerknica;SI;
2;SI-014;Cerkno;SI;
2;SI-196;Cirkulane;SI;
2;SI-015;Crensovci;SI;
2;SI-017;Crnomelj;SI;
2;SI-018;Destrnik;SI;
2;SI-019;Divaca;SI;
2;SI-154;Dobje;SI;
2;SI-020;Dobrepolje;SI;
2;SI-155;Dobrna;SI;
2;SI-021;Dobrova-Polhov Gradec;SI;
2;SI-156;Dobrovnik;SI;
2;SI-023;Domzale;SI;
2;SI-024;Dornava;SI;
2;SI-025;Dravograd;SI;
2;SI-026;Duplek;SI;
2;SI-207;Gorje;SI;
2;SI-029;Gornja Radgona;SI;
2;SI-031;Gornji Petrovci;SI;
2;SI-158;Grad;SI;
2;SI-032;Grosuplje;SI;
2;SI-159;Hajdina;SI;
2;SI-160;Hoce-Slivnica;SI;
2;SI-161;Hodos;SI;
2;SI-162;Horjul;SI;
2;SI-034;Hrastnik;SI;
2;SI-035;Hrpelje-Kozina;SI;
2;SI-036;Idrija;SI;
2;SI-037;Ig;SI;
2;SI-038;Ilirska Bistrica;SI;
2;SI-039;Ivancna Gorica;SI;
2;SI-040;Izola;SI;
2;SI-041;Jesenice;SI;
2;SI-042;Jursinci;SI;
2;SI-043;Kamnik;SI;
2;SI-044;Kanal;SI;
2;SI-045;Kidricevo;SI;
2;SI-046;Kobarid;SI;
2;SI-047;Kobilje;SI;
2;SI-048;Kocevje;SI;
2;SI-049;Komen;SI;
2;SI-164;Komenda;SI;
2;SI-050;Koper;SI;
2;SI-197;Kosanjevica na Krki;SI;
2;SI-165;Kostel;SI;
2;SI-052;Kranj;SI;
2;SI-053;Kranjska Gora;SI;
2;SI-166;Krizevci;SI;
2;SI-054;Krsko;SI;
2;SI-055;Kungota;SI;
2;SI-056;Kuzma;SI;
2;SI-057;Lasko;SI;
2;SI-058;Lenart;SI;
2;SI-059;Lendava;SI;
2;SI-060;Litija;SI;
2;SI-061;Ljubljana;SI;
2;SI-063;Ljutomer;SI;
2;SI-208;Log-Dragomer;SI;
2;SI-064;Logatec;SI;
2;SI-065;Loska Dolina;SI;
2;SI-167;Lovrenc na Pohorju;SI;
2;SI-067;Luce;SI;
2;SI-068;Lukovica;SI;
2;SI-069;Majsperk;SI;
2;SI-198;Makole;SI;
2;SI-070;Maribor;SI;
2;SI-168;Markovci;SI;
2;SI-071;Medvode;SI;
2;SI-072;Menges;SI;
2;SI-073;Metlika;SI;
2;SI-074;Mezica;SI;
2;SI-169;Miklavz na Dravskem Polju;SI;
2;SI-075;Miren-Kostanjevica;SI;
2;SI-170;Mirna Pec;SI;
2;SI-076;Mislinja;SI;
2;SI-199;Mokronog-Trebelno;SI;
2;SI-077;Moravce;SI;
2;SI-079;Mozirje;SI;
2;SI-080;Murska Sobota;SI;
2;SI-081;Muta;SI;
2;SI-082;Naklo;SI;
2;SI-083;Nazarje;SI;
2;SI-084;Nova Gorica;SI;
2;SI-085;Novo Mesto;SI;
2;SI-086;Odranci;SI;
2;SI-171;Oplotnica;SI;
2;SI-087;Ormoz;SI;
2;SI-090;Piran;SI;
2;SI-091;Pivka;SI;
2;SI-092;Podcetrtek;SI;
2;SI-172;Podlehnik;SI;
2;SI-200;Poljcane;SI;
2;SI-173;Polzela;SI;
2;SI-094;Postojna;SI;
2;SI-174;Prebold;SI;
2;SI-095;Preddvor;SI;
2;SI-175;Prevalje;SI;
2;SI-096;Ptuj;SI;
2;SI-097;Puconci;SI;
2;SI-098;Race-Fram;SI;
2;SI-099;Radece;SI;
2;SI-100;Radenci;SI;
2;SI-101;Radlje ob Dravi;SI;
2;SI-102;Radovljica;SI;
2;SI-103;Ravne na Koroskem;SI;
2;SI-176;Razkrizje;SI;
2;SI-209;Recica ob Savinji;SI;
2;SI-201;Rence-Vogrsko;SI;
2;SI-104;Ribnica;SI;
2;SI-106;Rogaska Slatina;SI;
2;SI-105;Rogasovci;SI;
2;SI-108;Ruse;SI;
2;SI-033;Salovci;SI;
2;SI-109;Semic;SI;
2;SI-183;Sempeter-Vrtojba;SI;
2;SI-117;Sencur;SI;
2;SI-118;Sentilj;SI;
2;SI-119;Sentjernej;SI;
2;SI-120;Sentjur;SI;
2;SI-211;Sentrupert;SI;
2;SI-110;Sevnica;SI;
2;SI-111;Sezana;SI;
2;SI-121;Skocjan;SI;
2;SI-122;Skofja Loka;SI;
2;SI-123;Skofljica;SI;
2;SI-112;Slovenj Gradec;SI;
2;SI-113;Slovenska Bistrica;SI;
2;SI-114;Slovenske Konjice;SI;
2;SI-124;Smarje pri Jelsah;SI;
2;SI-206;Smarjeske Toplice;SI;
2;SI-125;Smartno ob Paki;SI;
2;SI-194;Smartno pri Litiji;SI;
2;SI-179;Sodrazica;SI;
2;SI-180;Solcava;SI;
2;SI-126;Sostanj;SI;
2;SI-115;Starse;SI;
2;SI-127;Store;SI;
2;SI-203;Straza;SI;
2;SI-204;Sveta Trojica v Slovenskih Goricah;SI;
2;SI-182;Sveti Andraz v Slovenskih Goricah;SI;
2;SI-116;Sveti Jurij;SI;
2;SI-210;Sveti Jurij v Slovenskih Goricah;SI;
2;SI-205;Sveti Tomaz;SI;
2;SI-184;Tabor;SI;
2;SI-010;Tisina;SI;
2;SI-128;Tolmin;SI;
2;SI-129;Trbovlje;SI;
2;SI-130;Trebnje;SI;
2;SI-185;Trnovska Vas;SI;
2;SI-131;Trzic;SI;
2;SI-186;Trzin;SI;
2;SI-132;Turnisce;SI;
2;SI-133;Velenje;SI;
2;SI-187;Velika Polana;SI;
2;SI-134;Velike Lasce;SI;
2;SI-188;Verzej;SI;
2;SI-135;Videm;SI;
2;SI-136;Vipava;SI;
2;SI-137;Vitanje;SI;
2;SI-138;Vodice;SI;
2;SI-139;Vojnik;SI;
2;SI-189;Vransko;SI;
2;SI-140;Vrhnika;SI;
2;SI-141;Vuzenica;SI;
2;SI-142;Zagorje ob Savi;SI;
2;SI-190;Zalec;SI;
2;SI-143;Zavrc;SI;
2;SI-146;Zelezniki;SI;
2;SI-191;Zetale;SI;
2;SI-147;Ziri;SI;
2;SI-144;Zrece;SI;
2;SI-193;Zuzemberk;SI;
2;SK-BC;Banskobystricky kraj;SK;
2;SK-BL;Bratislavsky kraj;SK;
2;SK-KI;Kosicky kraj;SK;
2;SK-NI;Nitriansky kraj;SK;
2;SK-PV;Presovsky kraj;SK;
2;SK-TC;Trenciansky kraj;SK;
2;SK-TA;Trnavsky kraj;SK;
2;SK-ZI;Zilinsky kraj;SK;
2;SL-E;Eastern;SL;
2;SL-N;Northern;SL;
2;SL-W;Western Area;SL;
2;SM-03;Domagnano;SM;
2;SM-07;San Marino;SM;
2;SM-09;Serravalle;SM;
2;SN-DK;Dakar;SN;
2;SN-DB;Diourbel;SN;
2;SN-FK;Fatick;SN;
2;SN-KA;Kaffrine;SN;
2;SN-KL;Kaolack;SN;
2;SN-KD;Kolda;SN;
2;SN-LG;Louga;SN;
2;SN-MT;Matam;SN;
2;SN-SL;Saint-Louis;SN;
2;SN-TC;Tambacounda;SN;
2;SN-TH;Thies;SN;
2;SN-ZG;Ziguinchor;SN;
2;SO-BN;Banaadir;SO;
2;SO-BY;Bay;SO;
2;SO-MU;Mudug;SO;
2;SO-NU;Nugaal;SO;
2;SO-TO;Togdheer;SO;
2;SO-WO;Woqooyi Galbeed;SO;
2;SR-BR;Brokopondo;SR;
2;SR-CM;Commewijne;SR;
2;SR-NI;Nickerie;SR;
2;SR-PR;Para;SR;
2;SR-PM;Paramaribo;SR;
2;SR-SA;Saramacca;SR;
2;SR-SI;Sipaliwini;SR;
2;SR-WA;Wanica;SR;
2;SS-EC;Central Equatoria;SS;
2;SS-EE;Eastern Equatoria;SS;
2;SS-LK;Lakes;SS;
2;SS-UY;Unity;SS;
2;SS-NU;Upper Nile;SS;
2;SS-EW;Western Equatoria;SS;
2;ST-P;Principe;ST;
2;ST-S;Sao Tome;ST;
2;SV-AH;Ahuachapan;SV;
2;SV-CA;Cabanas;SV;
2;SV-CH;Chalatenango;SV;
2;SV-CU;Cuscatlan;SV;
2;SV-LI;La Libertad;SV;
2;SV-PA;La Paz;SV;
2;SV-UN;La Union;SV;
2;SV-MO;Morazan;SV;
2;SV-SM;San Miguel;SV;
2;SV-SS;San Salvador;SV;
2;SV-SV;San Vicente;SV;
2;SV-SA;Santa Ana;SV;
2;SV-SO;Sonsonate;SV;
2;SV-US;Usulutan;SV;
2;SY-HA;Al Hasakah;SY;
2;SY-LA;Al Ladhiqiyah;SY;
2;SY-QU;Al Qunaytirah;SY;
2;SY-SU;As Suwayda';SY;
2;SY-DR;Dar'a;SY;
2;SY-DY;Dayr az Zawr;SY;
2;SY-DI;Dimashq;SY;
2;SY-HL;Halab;SY;
2;SY-HM;Hamah;SY;
2;SY-HI;Hims;SY;
2;SY-ID;Idlib;SY;
2;SY-RD;Rif Dimashq;SY;
2;SY-TA;Tartus;SY;
2;SZ-HH;Hhohho;SZ;
2;SZ-LU;Lubombo;SZ;
2;SZ-MA;Manzini;SZ;
2;TD-GR;Guera;TD;
2;TD-HL;Hadjer Lamis;TD;
2;TD-LO;Logone-Occidental;TD;
2;TD-OD;Ouaddai;TD;
2;TD-TI;Tibesti;TD;
2;TD-ND;Ville de Ndjamena;TD;
2;TG-K;Kara;TG;
2;TG-M;Maritime;TG;
2;TG-P;Plateaux;TG;
2;TG-S;Savanes;TG;
2;TH-37;Amnat Charoen;TH;
2;TH-15;Ang Thong;TH;
2;TH-38;Bueng Kan;TH;
2;TH-31;Buri Ram;TH;
2;TH-24;Chachoengsao;TH;
2;TH-18;Chai Nat;TH;
2;TH-36;Chaiyaphum;TH;
2;TH-22;Chanthaburi;TH;
2;TH-50;Chiang Mai;TH;
2;TH-57;Chiang Rai;TH;
2;TH-20;Chon Buri;TH;
2;TH-86;Chumphon;TH;
2;TH-46;Kalasin;TH;
2;TH-62;Kamphaeng Phet;TH;
2;TH-71;Kanchanaburi;TH;
2;TH-40;Khon Kaen;TH;
2;TH-81;Krabi;TH;
2;TH-10;Krung Thep Maha Nakhon;TH;
2;TH-52;Lampang;TH;
2;TH-51;Lamphun;TH;
2;TH-42;Loei;TH;
2;TH-16;Lop Buri;TH;
2;TH-58;Mae Hong Son;TH;
2;TH-44;Maha Sarakham;TH;
2;TH-49;Mukdahan;TH;
2;TH-26;Nakhon Nayok;TH;
2;TH-73;Nakhon Pathom;TH;
2;TH-48;Nakhon Phanom;TH;
2;TH-30;Nakhon Ratchasima;TH;
2;TH-60;Nakhon Sawan;TH;
2;TH-80;Nakhon Si Thammarat;TH;
2;TH-55;Nan;TH;
2;TH-96;Narathiwat;TH;
2;TH-39;Nong Bua Lam Phu;TH;
2;TH-43;Nong Khai;TH;
2;TH-12;Nonthaburi;TH;
2;TH-13;Pathum Thani;TH;
2;TH-94;Pattani;TH;
2;TH-82;Phangnga;TH;
2;TH-93;Phatthalung;TH;
2;TH-56;Phayao;TH;
2;TH-67;Phetchabun;TH;
2;TH-76;Phetchaburi;TH;
2;TH-66;Phichit;TH;
2;TH-65;Phitsanulok;TH;
2;TH-14;Phra Nakhon Si Ayutthaya;TH;
2;TH-54;Phrae;TH;
2;TH-83;Phuket;TH;
2;TH-25;Prachin Buri;TH;
2;TH-77;Prachuap Khiri Khan;TH;
2;TH-85;Ranong;TH;
2;TH-70;Ratchaburi;TH;
2;TH-21;Rayong;TH;
2;TH-45;Roi Et;TH;
2;TH-27;Sa Kaeo;TH;
2;TH-47;Sakon Nakhon;TH;
2;TH-11;Samut Prakan;TH;
2;TH-74;Samut Sakhon;TH;
2;TH-75;Samut Songkhram;TH;
2;TH-19;Saraburi;TH;
2;TH-91;Satun;TH;
2;TH-33;Si Sa Ket;TH;
2;TH-17;Sing Buri;TH;
2;TH-90;Songkhla;TH;
2;TH-64;Sukhothai;TH;
2;TH-72;Suphan Buri;TH;
2;TH-84;Surat Thani;TH;
2;TH-32;Surin;TH;
2;TH-63;Tak;TH;
2;TH-92;Trang;TH;
2;TH-23;Trat;TH;
2;TH-34;Ubon Ratchathani;TH;
2;TH-41;Udon Thani;TH;
2;TH-61;Uthai Thani;TH;
2;TH-53;Uttaradit;TH;
2;TH-95;Yala;TH;
2;TH-35;Yasothon;TH;
2;TJ-DU;Dushanbe;TJ;
2;TJ-KT;Khatlon;TJ;
2;TJ-GB;Kuhistoni Badakhshon;TJ;
2;TJ-RA;Nohiyahoi Tobei Jumhuri;TJ;
2;TJ-SU;Sughd;TJ;
2;TL-AN;Ainaro;TL;
2;TL-CO;Cova Lima;TL;
2;TL-DI;Dili;TL;
2;TM-A;Ahal;TM;
2;TM-B;Balkan;TM;
2;TM-D;Dasoguz;TM;
2;TM-L;Lebap;TM;
2;TM-M;Mary;TM;
2;TN-31;Beja;TN;
2;TN-13;Ben Arous;TN;
2;TN-23;Bizerte;TN;
2;TN-81;Gabes;TN;
2;TN-71;Gafsa;TN;
2;TN-32;Jendouba;TN;
2;TN-41;Kairouan;TN;
2;TN-42;Kasserine;TN;
2;TN-73;Kebili;TN;
2;TN-12;L'Ariana;TN;
2;TN-14;La Manouba;TN;
2;TN-33;Le Kef;TN;
2;TN-53;Mahdia;TN;
2;TN-82;Medenine;TN;
2;TN-52;Monastir;TN;
2;TN-21;Nabeul;TN;
2;TN-61;Sfax;TN;
2;TN-43;Sidi Bouzid;TN;
2;TN-34;Siliana;TN;
2;TN-51;Sousse;TN;
2;TN-83;Tataouine;TN;
2;TN-72;Tozeur;TN;
2;TN-11;Tunis;TN;
2;TN-22;Zaghouan;TN;
2;TO-04;Tongatapu;TO;
2;TO-05;Vava'u;TO;
2;TR-01;Adana;TR;
2;TR-02;Adiyaman;TR;
2;TR-03;Afyonkarahisar;TR;
2;TR-04;Agri;TR;
2;TR-68;Aksaray;TR;
2;TR-05;Amasya;TR;
2;TR-06;Ankara;TR;
2;TR-07;Antalya;TR;
2;TR-75;Ardahan;TR;
2;TR-08;Artvin;TR;
2;TR-09;Aydin;TR;
2;TR-10;Balikesir;TR;
2;TR-74;Bartin;TR;
2;TR-72;Batman;TR;
2;TR-69;Bayburt;TR;
2;TR-11;Bilecik;TR;
2;TR-12;Bingol;TR;
2;TR-13;Bitlis;TR;
2;TR-14;Bolu;TR;
2;TR-15;Burdur;TR;
2;TR-16;Bursa;TR;
2;TR-17;Canakkale;TR;
2;TR-18;Cankiri;TR;
2;TR-19;Corum;TR;
2;TR-20;Denizli;TR;
2;TR-21;Diyarbakir;TR;
2;TR-81;Duzce;TR;
2;TR-22;Edirne;TR;
2;TR-23;Elazig;TR;
2;TR-24;Erzincan;TR;
2;TR-25;Erzurum;TR;
2;TR-26;Eskisehir;TR;
2;TR-27;Gaziantep;TR;
2;TR-28;Giresun;TR;
2;TR-29;Gumushane;TR;
2;TR-30;Hakkari;TR;
2;TR-31;Hatay;TR;
2;TR-76;Igdir;TR;
2;TR-32;Isparta;TR;
2;TR-34;Istanbul;TR;
2;TR-35;Izmir;TR;
2;TR-46;Kahramanmaras;TR;
2;TR-78;Karabuk;TR;
2;TR-70;Karaman;TR;
2;TR-36;Kars;TR;
2;TR-37;Kastamonu;TR;
2;TR-38;Kayseri;TR;
2;TR-79;Kilis;TR;
2;TR-71;Kirikkale;TR;
2;TR-39;Kirklareli;TR;
2;TR-40;Kirsehir;TR;
2;TR-41;Kocaeli;TR;
2;TR-42;Konya;TR;
2;TR-43;Kutahya;TR;
2;TR-44;Malatya;TR;
2;TR-45;Manisa;TR;
2;TR-47;Mardin;TR;
2;TR-33;Mersin;TR;
2;TR-48;Mugla;TR;
2;TR-49;Mus;TR;
2;TR-50;Nevsehir;TR;
2;TR-51;Nigde;TR;
2;TR-52;Ordu;TR;
2;TR-80;Osmaniye;TR;
2;TR-53;Rize;TR;
2;TR-54;Sakarya;TR;
2;TR-55;Samsun;TR;
2;TR-63;Sanliurfa;TR;
2;TR-56;Siirt;TR;
2;TR-57;Sinop;TR;
2;TR-73;Sirnak;TR;
2;TR-58;Sivas;TR;
2;TR-59;Tekirdag;TR;
2;TR-60;Tokat;TR;
2;TR-61;Trabzon;TR;
2;TR-62;Tunceli;TR;
2;TR-64;Usak;TR;
2;TR-65;Van;TR;
2;TR-77;Yalova;TR;
2;TR-66;Yozgat;TR;
2;TR-67;Zonguldak;TR;
2;TT-ARI;Arima;TT;
2;TT-CHA;Chaguanas;TT;
2;TT-CTT;Couva-Tabaquite-Talparo;TT;
2;TT-DMN;Diego Martin;TT;
2;TT-MRC;Mayaro-Rio Claro;TT;
2;TT-PED;Penal-Debe;TT;
2;TT-PTF;Point Fortin;TT;
2;TT-POS;Port of Spain;TT;
2;TT-PRT;Princes Town;TT;
2;TT-SFO;San Fernando;TT;
2;TT-SJL;San Juan-Laventille;TT;
2;TT-SGE;Sangre Grande;TT;
2;TT-SIP;Siparia;TT;
2;TT-TOB;Tobago;TT;
2;TT-TUP;Tunapuna-Piarco;TT;
2;TV-FUN;Funafuti;TV;
2;TW-CHA;Changhua;TW;
2;TW-CYQ;Chiayi;TW;
2;TW-HSQ;Hsinchu;TW;
2;TW-HUA;Hualien;TW;
2;TW-KHH;Kaohsiung;TW;
2;TW-KEE;Keelung;TW;
2;TW-KIN;Kinmen;TW;
2;TW-LIE;Lienchiang;TW;
2;TW-MIA;Miaoli;TW;
2;TW-NAN;Nantou;TW;
2;TW-NWT;New Taipei;TW;
2;TW-PEN;Penghu;TW;
2;TW-PIF;Pingtung;TW;
2;TW-TXG;Taichung;TW;
2;TW-TNN;Tainan;TW;
2;TW-TPE;Taipei;TW;
2;TW-TTT;Taitung;TW;
2;TW-TAO;Taoyuan;TW;
2;TW-ILA;Yilan;TW;
2;TW-YUN;Yunlin;TW;
2;TZ-01;Arusha;TZ;
2;TZ-02;Dar es Salaam;TZ;
2;TZ-03;Dodoma;TZ;
2;TZ-27;Geita;TZ;
2;TZ-04;Iringa;TZ;
2;TZ-05;Kagera;TZ;
2;TZ-07;Kaskazini Unguja;TZ;
2;TZ-08;Kigoma;TZ;
2;TZ-09;Kilimanjaro;TZ;
2;TZ-10;Kusini Pemba;TZ;
2;TZ-11;Kusini Unguja;TZ;
2;TZ-12;Lindi;TZ;
2;TZ-26;Manyara;TZ;
2;TZ-13;Mara;TZ;
2;TZ-14;Mbeya;TZ;
2;TZ-15;Mjini Magharibi;TZ;
2;TZ-16;Morogoro;TZ;
2;TZ-17;Mtwara;TZ;
2;TZ-18;Mwanza;TZ;
2;TZ-19;Pwani;TZ;
2;TZ-20;Rukwa;TZ;
2;TZ-21;Ruvuma;TZ;
2;TZ-22;Shinyanga;TZ;
2;TZ-30;Simiyu;TZ;
2;TZ-23;Singida;TZ;
2;TZ-24;Tabora;TZ;
2;TZ-25;Tanga;TZ;
2;UA-43;Avtonomna Respublika Krym;UA;
2;UA-71;Cherkaska oblast;UA;
2;UA-74;Chernihivska oblast;UA;
2;UA-77;Chernivetska oblast;UA;
2;UA-12;Dnipropetrovska oblast;UA;
2;UA-14;Donetska oblast;UA;
2;UA-26;Ivano-Frankivska oblast;UA;
2;UA-63;Kharkivska oblast;UA;
2;UA-65;Khersonska oblast;UA;
2;UA-68;Khmelnytska oblast;UA;
2;UA-35;Kirovohradska oblast;UA;
2;UA-30;Kyiv;UA;
2;UA-32;Kyivska oblast;UA;
2;UA-09;Luhanska oblast;UA;
2;UA-46;Lvivska oblast;UA;
2;UA-48;Mykolaivska oblast;UA;
2;UA-51;Odeska oblast;UA;
2;UA-53;Poltavska oblast;UA;
2;UA-56;Rivnenska oblast;UA;
2;UA-40;Sevastopol;UA;
2;UA-59;Sumska oblast;UA;
2;UA-61;Ternopilska oblast;UA;
2;UA-05;Vinnytska oblast;UA;
2;UA-07;Volynska oblast;UA;
2;UA-21;Zakarpatska oblast;UA;
2;UA-23;Zaporizka oblast;UA;
2;UA-18;Zhytomyrska oblast;UA;
2;UG-303;Arua;UG;
2;UG-117;Buikwe;UG;
2;UG-416;Buliisa;UG;
2;UG-120;Buvuma;UG;
2;UG-121;Gomba;UG;
2;UG-304;Gulu;UG;
2;UG-204;Jinja;UG;
2;UG-404;Kabale;UG;
2;UG-405;Kabarole;UG;
2;UG-102;Kampala;UG;
2;UG-406;Kasese;UG;
2;UG-307;Lira;UG;
2;UG-104;Luwero;UG;
2;UG-105;Masaka;UG;
2;UG-209;Mbale;UG;
2;UG-410;Mbarara;UG;
2;UG-309;Moyo;UG;
2;UG-108;Mukono;UG;
2;UG-328;Nwoya;UG;
2;UG-211;Soroti;UG;
2;UG-113;Wakiso;UG;
2;UM-95;Palmyra Atoll;UM;
2;US-AL;Alabama;US;
2;US-AK;Alaska;US;
2;US-AZ;Arizona;US;
2;US-AR;Arkansas;US;
2;US-AS;American Samoa;US;
2;US-CA;California;US;
2;US-CO;Colorado;US;
2;US-CT;Connecticut;US;
2;US-DE;Delaware;US;
2;US-DC;District of Columbia;US;
2;US-FL;Florida;US;
2;US-GA;Georgia;US;
2;US-GU;Guam;US;
2;US-HI;Hawaii;US;
2;US-ID;Idaho;US;
2;US-IL;Illinois;US;
2;US-IN;Indiana;US;
2;US-IA;Iowa;US;
2;US-KS;Kansas;US;
2;US-KY;Kentucky;US;
2;US-LA;Louisiana;US;
2;US-ME;Maine;US;
2;US-MD;Maryland;US;
2;US-MA;Massachusetts;US;
2;US-MI;Michigan;US;
2;US-MN;Minnesota;US;
2;US-MS;Mississippi;US;
2;US-MO;Missouri;US;
2;US-MP;Northern Mariana Islands;;
2;US-MT;Montana;US;
2;US-NE;Nebraska;US;
2;US-NV;Nevada;US;
2;US-NH;New Hampshire;US;
2;US-NJ;New Jersey;US;
2;US-NM;New Mexico;US;
2;US-NY;New York;US;
2;US-NC;North Carolina;US;
2;US-ND;North Dakota;US;
2;US-OH;Ohio;US;
2;US-OK;Oklahoma;US;
2;US-OR;Oregon;US;
2;US-PA;Pennsylvania;US;
2;US-PR;Puerto Rico;US;
2;US-RI;Rhode Island;US;
2;US-SC;South Carolina;US;
2;US-SD;South Dakota;US;
2;US-TN;Tennessee;US;
2;US-TX;Texas;US;
2;US-UM;U.S. Minor Outlying Islands;US;
2;US-UT;Utah;US;
2;US-VI;Virgin Islands of the U.S.;US;
2;US-VT;Vermont;US;
2;US-VA;Virginia;US;
2;US-WA;Washington;US;
2;US-WV;West Virginia;US;
2;US-WI;Wisconsin;US;
2;US-WY;Wyoming;US;
2;UY-AR;Artigas;UY;
2;UY-CA;Canelones;UY;
2;UY-CL;Cerro Largo;UY;
2;UY-CO;Colonia;UY;
2;UY-DU;Durazno;UY;
2;UY-FS;Flores;UY;
2;UY-FD;Florida;UY;
2;UY-LA;Lavalleja;UY;
2;UY-MA;Maldonado;UY;
2;UY-MO;Montevideo;UY;
2;UY-PA;Paysandu;UY;
2;UY-RN;Rio Negro;UY;
2;UY-RV;Rivera;UY;
2;UY-RO;Rocha;UY;
2;UY-SA;Salto;UY;
2;UY-SJ;San Jose;UY;
2;UY-SO;Soriano;UY;
2;UY-TA;Tacuarembo;UY;
2;UY-TT;Treinta y Tres;UY;
2;UZ-AN;Andijon;UZ;
2;UZ-BU;Buxoro;UZ;
2;UZ-FA;Farg'ona;UZ;
2;UZ-JI;Jizzax;UZ;
2;UZ-NG;Namangan;UZ;
2;UZ-NW;Navoiy;UZ;
2;UZ-QA;Qashqadaryo;UZ;
2;UZ-QR;Qoraqalpog'iston Respublikasi;UZ;
2;UZ-SA;Samarqand;UZ;
2;UZ-SI;Sirdaryo;UZ;
2;UZ-SU;Surxondaryo;UZ;
2;UZ-TK;Toshkent;UZ;
2;UZ-XO;Xorazm;UZ;
2;VC-01;Charlotte;VC;
2;VC-06;Grenadines;VC;
2;VC-03;Saint David;VC;
2;VC-04;Saint George;VC;
2;VC-05;Saint Patrick;VC;
2;VE-Z;Amazonas;VE;
2;VE-B;Anzoategui;VE;
2;VE-C;Apure;VE;
2;VE-D;Aragua;VE;
2;VE-E;Barinas;VE;
2;VE-F;Bolivar;VE;
2;VE-G;Carabobo;VE;
2;VE-H;Cojedes;VE;
2;VE-Y;Delta Amacuro;VE;
2;VE-W;Dependencias Federales;VE;
2;VE-A;Distrito Capital;VE;
2;VE-I;Falcon;VE;
2;VE-J;Guarico;VE;
2;VE-K;Lara;VE;
2;VE-L;Merida;VE;
2;VE-M;Miranda;VE;
2;VE-N;Monagas;VE;
2;VE-O;Nueva Esparta;VE;
2;VE-P;Portuguesa;VE;
2;VE-R;Sucre;VE;
2;VE-S;Tachira;VE;
2;VE-T;Trujillo;VE;
2;VE-X;Vargas;VE;
2;VE-U;Yaracuy;VE;
2;VE-V;Zulia;VE;
2;VN-44;An Giang;VN;
2;VN-43;Ba Ria - Vung Tau;VN;
2;VN-54;Bac Giang;VN;
2;VN-53;Bac Kan;VN;
2;VN-55;Bac Lieu;VN;
2;VN-56;Bac Ninh;VN;
2;VN-50;Ben Tre;VN;
2;VN-31;Binh Dinh;VN;
2;VN-57;Binh Duong;VN;
2;VN-58;Binh Phuoc;VN;
2;VN-40;Binh Thuan;VN;
2;VN-59;Ca Mau;VN;
2;VN-CT;Can Tho;VN;
2;VN-04;Cao Bang;VN;
2;VN-DN;Da Nang;VN;
2;VN-33;Dak Lak;VN;
2;VN-72;Dak Nong;VN;
2;VN-71;Dien Bien;VN;
2;VN-39;Dong Nai;VN;
2;VN-45;Dong Thap;VN;
2;VN-30;Gia Lai;VN;
2;VN-03;Ha Giang;VN;
2;VN-63;Ha Nam;VN;
2;VN-HN;Ha Noi;VN;
2;VN-23;Ha Tinh;VN;
2;VN-61;Hai Duong;VN;
2;VN-HP;Hai Phong;VN;
2;VN-SG;Ho Chi Minh;VN;
2;VN-14;Hoa Binh;VN;
2;VN-66;Hung Yen;VN;
2;VN-34;Khanh Hoa;VN;
2;VN-47;Kien Giang;VN;
2;VN-28;Kon Tum;VN;
2;VN-01;Lai Chau;VN;
2;VN-35;Lam Dong;VN;
2;VN-09;Lang Son;VN;
2;VN-02;Lao Cai;VN;
2;VN-41;Long An;VN;
2;VN-67;Nam Dinh;VN;
2;VN-22;Nghe An;VN;
2;VN-18;Ninh Binh;VN;
2;VN-36;Ninh Thuan;VN;
2;VN-68;Phu Tho;VN;
2;VN-32;Phu Yen;VN;
2;VN-24;Quang Binh;VN;
2;VN-27;Quang Nam;VN;
2;VN-29;Quang Ngai;VN;
2;VN-13;Quang Ninh;VN;
2;VN-25;Quang Tri;VN;
2;VN-52;Soc Trang;VN;
2;VN-05;Son La;VN;
2;VN-37;Tay Ninh;VN;
2;VN-20;Thai Binh;VN;
2;VN-69;Thai Nguyen;VN;
2;VN-21;Thanh Hoa;VN;
2;VN-26;Thua Thien-Hue;VN;
2;VN-46;Tien Giang;VN;
2;VN-51;Tra Vinh;VN;
2;VN-07;Tuyen Quang;VN;
2;VN-49;Vinh Long;VN;
2;VN-70;Vinh Phuc;VN;
2;VN-06;Yen Bai;VN;
2;VU-SAM;Sanma;VU;
2;VU-SEE;Shefa;VU;
2;VU-TAE;Tafea;VU;
2;WF-SG;Sigave;WF;
2;WF-UV;Uvea;WF;
2;WS-TU;Tuamasaga;WS;
2;YE-AD;'Adan;YE;
2;YE-HU;Al Hudaydah;YE;
2;YE-SA;Amanat al 'Asimah;YE;
2;YE-DH;Dhamar;YE;
2;YE-HD;Hadramawt;YE;
2;YE-SH;Shabwah;YE;
2;ZA-EC;Eastern Cape;ZA;
2;ZA-FS;Free State;ZA;
2;ZA-GT;Gauteng;ZA;
2;ZA-NL;Kwazulu-Natal;ZA;
2;ZA-LP;Limpopo;ZA;
2;ZA-MP;Mpumalanga;ZA;
2;ZA-NW;North-West;ZA;
2;ZA-NC;Northern Cape;ZA;
2;ZA-WC;Western Cape;ZA;
2;ZM-02;Central;ZM;
2;ZM-08;Copperbelt;ZM;
2;ZM-03;Eastern;ZM;
2;ZM-04;Luapula;ZM;
2;ZM-09;Lusaka;ZM;
2;ZM-06;North-Western;ZM;
2;ZM-05;Northern;ZM;
2;ZM-07;Southern;ZM;
2;ZM-01;Western;ZM;
2;ZW-BU;Bulawayo;ZW;
2;ZW-HA;Harare;ZW;
2;ZW-MA;Manicaland;ZW;
2;ZW-MC;Mashonaland Central;ZW;
2;ZW-ME;Mashonaland East;ZW;
2;ZW-MW;Mashonaland West;ZW;
2;ZW-MV;Masvingo;ZW;
2;ZW-MN;Matabeleland North;ZW;
2;ZW-MS;Matabeleland South;ZW;
2;ZW-MI;Midlands;ZW;
3;FR-01;Ain;FR-ARA;
3;FR-02;Aisne;FR-HDF;
3;FR-03;Allier;FR-ARA;
3;FR-04;Alpes-de-Haute-Provence;FR-PAC;
3;FR-05;Hautes-Alpes;FR-PAC;
3;FR-06;Alpes-Maritimes;FR-PAC;
3;FR-07;Ardèche;FR-ARA;
3;FR-08;Ardennes;FR-GES;
3;FR-09;Ariège;FR-OCC;
3;FR-10;Aube;FR-OCC;
3;FR-11;Aude;FR-OCC;
3;FR-12;Aveyron;FR-OCC;
3;FR-13;Bouches-du-Rhone;FR-PAC;
3;FR-14;Calvados;FR-NOR;
3;FR-15;Cantal;FR-ARA;
3;FR-16;Charente;FR-NAQ;
3;FR-17;Charente-Maritime;FR-NAQ;
3;FR-18;Cher;FR-CVL;
3;FR-19;Corrèze;FR-NAQ;
3;FR-21;Côte-d'Or;FR-BFC;
3;FR-22;Côtes-d'Armor;FR-BRE;
3;FR-23;Creuse;FR-NAQ;
3;FR-24;Dordogne;FR-NAQ;
3;FR-25;Doubs;FR-BFC;
3;FR-26;Drôme;FR-ARA;
3;FR-27;Eure;FR-NOR;
3;FR-28;Eure-et-Loir;FR-CVL;
3;FR-29;Finistère;FR-BRE;
3;FR-2A;Corse-du-Sud;FR-COR;
3;FR-2B;Haute-Corse;FR-COR;
3;FR-30;Gard;FR-OCC;
3;FR-31;Haute-Garonne;FR-OCC;
3;FR-32;Gers;FR-OCC;
3;FR-33;Gironde;FR-NAQ;
3;FR-34;Hérault;FR-OCC;
3;FR-35;Ille-et-Vilaine;FR-BRE;
3;FR-36;Indre;FR-CVL;
3;FR-37;Indre-et-Loire;FR-CVL;
3;FR-38;Isère;FR-ARA;
3;FR-39;Jura;FR-BFC;
3;FR-40;Landes;FR-NAQ;
3;FR-41;Loir-et-Cher;FR-CVL;
3;FR-42;Loire;FR-ARA;
3;FR-43;Haute-Loire;FR-ARA;
3;FR-44;Loire-Atlantique;FR-PDL;
3;FR-45;Loiret;FR-CVL;
3;FR-46;Lot;FR-OCC;
3;FR-47;Lot-et-Garonne;FR-NAQ;
3;FR-48;Lozère;FR-OCC;
3;FR-49;Maine-et-Loire;FR-PDL;
3;FR-50;Manche;FR-NOR;
3;FR-51;Marne;FR-GES;
3;FR-52;Haute-Marne;FR-GES;
3;FR-53;Mayenne;FR-PDL;
3;FR-54;Meurthe-et-Moselle;FR-GES;
3;FR-55;Meuse;FR-GES;
3;FR-56;Morbihan;FR-BRE;
3;FR-57;Moselle;FR-GES;
3;FR-58;Nièvre;FR-BFC;
3;FR-59;Nord;FR-HDF;
3;FR-60;Oise;FR-HDF;
3;FR-61;Orne;FR-NOR;
3;FR-62;Pas-de-Calais;FR-HDF;
3;FR-63;Puy-de-Dôme;FR-ARA;
3;FR-64;Pyrénées-Atlantiques;FR-NAQ;
3;FR-65;Hautes-Pyrénées;FR-OCC;
3;FR-66;Pyrénées-Orientales;FR-OCC;
3;FR-67;Bas-Rhin;FR-GES;
3;FR-68;Haut-Rhin;FR-GES;
3;FR-69;Rhône;FR-ARA;
3;FR-70;Haute-Saône;FR-BFC;
3;FR-71;Saône-et-Loire;FR-BFC;
3;FR-72;Sarthe;FR-PDL;
3;FR-73;Savoie;FR-ARA;
3;FR-74;Haute-Savoie;FR-ARA;
3;FR-75;Paris;FR-IDF;
3;FR-76;Seine-Maritime;FR-NOR;
3;FR-77;Seine-et-Marne;FR-IDF;
3;FR-78;Yvelines;FR-IDF;
3;FR-79;Deux-Sèvres;FR-NAQ;
3;FR-80;Somme;FR-HDF;
3;FR-81;Tarn;FR-OCC;
3;FR-82;Tarn-et-Garonne;FR-OCC;
3;FR-83;Var;FR-PAC;
3;FR-84;Vaucluse;FR-PAC;
3;FR-85;Vendée;FR-PDL;
3;FR-86;Vienne;FR-NAQ;
3;FR-87;Haute-Vienne;FR-NAQ;
3;FR-88;Vosges;FR-GES;
3;FR-89;Yonne;FR-BFC;
3;FR-90;Territoire de Belfort;FR-BFC;
3;FR-91;Essonne;FR-IDF;
3;FR-92;Hauts-de-Seine;FR-IDF;
3;FR-93;Seine-Saint-Denis;FR-IDF;
3;FR-94;Val-de-Marne;FR-IDF;
3;FR-95;Val-d'Oise;FR-IDF;
3;FR-BL;Saint-Barthélemy;;
3;FR-CP;Clipperton;;
3;FR-GF;Guyane française;;
3;FR-GP;Guadeloupe;;
3;FR-GUA;Guadeloupe;;
3;FR-LRE;La Réunion;;
3;FR-MAY;Mayotte;;
3;FR-MF;Saint-Martin;;
3;FR-MQ;Martinique;;
3;FR-NC;Nouvelle-Calédonie;;
3;FR-PF;Polynésie française;;
3;FR-PM;Saint-Pierre-et-Miquelon;;
3;FR-RE;La Réunion;;
3;FR-TF;Terres australes françaises;;
3;FR-WF;Wallis-et-Futuna;;
3;FR-YT;Mayotte;;
